"Gaisano Mall Davao MBI - March 1, 2026",,,,,,,
,,,,,,,
BRAND,THE HEALTHSHOP PRODUCTS,UoM,Content,Ave Unit Cost,Selling Price,QTY,Expiry Date
,,,,,,,
,THS - CHINESE PRODUCTS,,,,,,
CH,IMPEOUS MAN 10S ,BOT,, 70.00 , 500.00 ,,
CH,IMPEOUS MAN 10S PC,PC,10, 7.00 , 50.00 ,4,8/31/30
CH,ACTIVE WHITE L- GLUTATHIONE 1000MG W/ C 60S,BOX,, 80.00 , 500.00 ,,
CH,ACTIVE WHITE L- GLUTATHIONE 1000MG W/ C 60S  PC,PC,60, 1.33 , 10.00 ,,
CH,ALASKA GARLIC 200S,BOT,, 85.00 , 330.00 ,10,12/1/29
CH,ALASKA GARLIC 200S PC,PC,200, 0.43 , 3.00 ,,
CH,ALASKA GARLIC 500S,BOT,, 145.00 , 795.00 ,4,12/1/26
CH,ALASKA GARLIC 500S  PC,PC,500, 0.29 , 3.00 ,534,12/1/29
CH,ANCOM 10s,BOT,, 70.00 , 125.00 ,,
CH,ANCOM 10s PC,PC,10, 7.00 , 12.00 ,,
CH,ANXIN 100S,BOT,, 70.00 , 90.00 ,,
CH,BAINETING 15ML,BOT,, 80.00 , 110.00 ,,
CH,BETET,BOX,, 35.00 , 58.00 ,16,1/1/27
CH,BEVIDAN 50S,BOT,, 120.00 , 150.00 ,,
CH,BEVIDAN 60S,BOT,, 150.00 , 230.00 ,,
CH,BL OINTMENT 7G,TUBE,, 30.31 , 40.00 ,1,12/31/27
CH,BL OINTMENT 10G,TUBE,, 35.01 , 70.00 ,,
CH,BL SOAP,BAR,, 33.00 , 80.00 ,,
CH,BUTIAO 100S PINK,BOT,, 160.00 , 250.00 ,,
CH,DIABETESE PILLS 120S,BOT,, 169.38 , 290.00 ,,
CH,EVENING PRIMROSE OIL 500MG 50S,BOT,, 145.00 , 255.00 ,4,5/1/27
CH,EVENING PRIMROSE OIL 500MG 50S PC,PC,50, 2.90 , 6.00 ,,
CH,EYE BRIGHTENE PILL 60S,BOT,, 182.50 , 295.00 ,,
CH,FLOUCINONIDE OINTMENT 50s,TUBE,, 29.00 , 40.00 ,39,9/1/27
CH,FUCHINGSUNG-N CREAM,TUBE,, 30.00 , 45.00 ,77,9/30/27
CH,GREEN TEA 100s,BOX,, 260.00 , 385.00 ,,
CH,GREEN TEA 100s PC,PC,100, 2.60 , 5.00 ,,
CH,GREEN TEA 20S,BOX,, 66.88 , 100.00 ,,
CH,GREEN TEA 20S PC,PC,20, 3.34 , 8.00 ,,
CH,GROWTH FACILITATION BOY 100S,BOT,, 360.00 , 600.00 ,,
CH,GROWTH FACILITATION BOY 100S PC,PC,100, 3.60 , 7.00 ,,
CH,GROWTH FACILITATION GIRL 100S,BOT,, 355.00 , 550.00 ,,
CH,GROWTH FACILITATION GIRL 100S PC,PC,100, 3.55 , 7.00 ,,
CH,HAIODINE 50S,BOT,, 90.00 , 170.00 ,,
CH,HEALTH SOURCE COD LIVER OIL CAPSULE 500S,BOT,, 192.50 , 300.00 ,4,9/1/28
CH,HEALTH SOURCE FISH OIL ORANGE LIQUID,BOT,, 170.00 , 255.00 ,,
CH,HEALTHY BRAIN PILLS 300S,BOT,, 229.69 , 290.00 ,2,7/30/29
CH,JADE CRANES INHALER BIG,BOX,, 100.00 , 155.00 ,52,12/31/28
CH,JADE CRANES INHALER SMALL,BOX,, 35.00 , 75.00 ,19,2/28/28
CH,KANGYAN 100S,BOT,, 75.00 , 120.00 ,,
CH,KATINKO OINTMENT BIG,BOX,, 69.17 , 90.00 ,6,5/1/27
CH,KATINKO OINTMENT SMALL,BOX,, 35.00 , 55.00 ,,
CH,KIDNEY WASH CAPSULES 60'S ,BOT,, 250.00 , 350.00 ,3,10/31/30
CH,KIDNEY WASH CAPSULES 60'S PC,PC,60, 4.17 , 6.00 ,,
OTH,KOJIC ACID ORIGINAL SOAP,BOX,, 16.00 , 100.00 ,,
CH,KOREAN GINSENG TEA 300G 100S,BOX,, 280.00 , 600.00 ,,
CH,KOREAN GINSENG TEA 300G 100S PC,PC,300, 0.93 , 10.00 ,,
CH,KOREAN RED GINSENG CAPSULE 100S,BOT,, 400.00 , 750.00 ,,
CH,KOREAN RED GINSENG CAPSULE 100S PC,PC,100, 4.00 , 8.00 ,,
CH,KOREAN RED GINSENG EXTRACT CAPSULE 120S,BOT,," 1,800.00 "," 3,550.00 ",,
CH,KOREAN RED GINSENG EXTRACT CAPSULE 120S PC,PC,120, 15.00 , 32.00 ,,
CH,LIDAN TABLETS 120S,BOT,, 222.50 , 345.00 ,,
CH,LIVER AID 100S,BOT,, 140.00 , 340.00 ,,
CH,L-MENTHOL PO HO PING INHALER BIG,BOX,, 150.00 , 250.00 ,7,9/1/28
CH,L-MENTHOL PO HO PING INHALER SMALL,BOX,, 60.00 , 90.00 ,21,10/1/28
CH,MAXMAN CAPSULE 12'S,BOT,, 100.00 , 600.00 ,,
CH,MAXMAN CAPSULE 12'S PC,PC,12, 8.33 , 50.00 ,,
CH,MAXMAN TABLET 10'S,CAN,, 90.00 , 500.00 ,,
CH,MAXMAN TABLET 10'S PC,PC,10, 9.00 , 50.00 ,,
CH,MAGNA RX 10S (WHITE),BOT,, 180.00 , 375.00 ,,
CH,MAGNA RX 10S (WHITE) PC,PC,10, 18.00 , 38.00 ,,
CH,MEMORY BRAIN TONIC 100S,BOT,, 220.00 , 320.00 ,,
CH ,MENA CREAM BLUE,BOX,, 23.62 , 30.00 ,8,2/1/30
CH,MENA FACIAL CREAM,BOX,, 20.00 , 40.00 ,16,2/1/30
CH,MENA FACIAL CREAM STICK 4.5GM,STICK,, 35.00 , 50.00 ,,
CH,OLDELANDIA 60S,BOT,, 117.50 , 245.00 ,7,9/30/30
CH,OSEUR CREAM,BOX,, 18.33 , 35.00 ,,
CH,PANAX GINSENG EXTRACTUM 30S,BOT,, 130.00 , 195.00 ,3,5/1/27
CH,PE MIN KAN WAN,BOT,, 120.00 , 175.00 ,,
CH,PEI PA KOA 150ML,BOT,, 195.00 , 320.00 ,,
CH,PEI PA KOA 300ML,BOT,, 350.00 , 595.00 ,5,5/1/28
CH,PEI PA KOA 75ML,BOT,, 155.02 , 260.00 ,2,4/1/27
CH,PEI PA KOA CANDY 24S,PACK,, 102.51 , 120.00 ,9,1/30/29
CH,PEI PA KOA CANDY 24S PC,PC,24, 4.27 , 6.00 ,,
CH,PEI PA KOA CANDY 24S (FAT&THIN),PACK,, 82.50 , 145.00 ,,
CH,PHOSDOC BRAIN TONIC 150ML.,BOT,, 190.00 , 260.00 ,11,4/30/30
CH,PIYEN CHIN 10ML 50S,BOT,, 15.00 , 30.00 ,17,11/1/27
CH,RAPID SLIM 12'S,BOX,, 180.00 , 395.00 ,,
CH,GLUTHATHIONE 2-IN-1 SOAP,BAR,, 90.00 , 195.00 ,,
CH,RENOW-D FACIAL CREAM BIG,BOX,, 35.00 , 65.00 ,,
CH,RENOW-D FACIAL CREAM SMALL,BOX,, 25.00 , 40.00 ,,
CH,RHEUMATON CAPSULE 30S,BOT,, 200.00 , 295.00 ,,
CH,SHILINGTONG 100S,BOT,, 96.25 , 120.00 ,,
CH,SHIU DUO WAN,BOT,, 150.00 , 210.00 ,,
CH,SHOU WU PIAN,BOT,, 135.63 , 225.00 ,,
CH,SKIN FIGHTER CREAM,TUBE,, 60.00 , 90.00 ,58,12/31/28
CH,SKIN HELP 10G,BOX,, 100.00 , 170.00 ,,
CH,SLAKING THIRST (DIABETES PILLS) 50'S,BOT,, 150.00 , 295.00 ,,
CH,SNAKE BONE 12S,BOT,, 240.00 , 395.00 ,,
CH,SNAKE BONE 12S PC,PC,12, 20.00 , 33.00 ,,
CH,SNAKE BONE 20S,BOT,, 250.00 , 395.00 ,,
CH,SNAKE BONE 20S PC,PC,20, 12.50 , 20.00 ,,
CH,STONE REPELLENT 50S,BOT,, 255.00 , 350.00 ,,
CH,THYROID GLAND CARE 50S,BOT,, 225.00 , 285.00 ,3,1/1/30
CH,THYROID GLAND CARE 36S (GOLDEN DRAGON),BOT,, 180.00 , 275.00 ,,
CH,TONG LIN  90S,BOT,, 170.00 , 295.00 ,,
CH,TOP GEL CREAM SMALL,BOX,, 60.00 , 95.00 ,2,5/1/31
CH,TOP GEL SOAP,BOT,, 60.00 , 100.00 ,,
CH,TOPGEL W/ GINSENG,BOX,, 133.00 , 195.00 ,,
CH,TOPGEL W/ VIT E,BOX,, 112.00 , 180.00 ,,
CH,TORO CUPS 6'S,BOT,, 35.00 , 250.00 ,,
CH,TORO CUPS 6'S PC,PC,6, 5.83 , 50.00 ,,
CH,TUNG SHEU PILLS ( COWS HEAD),BOT,, 216.00 , 345.00 ,12,11/1/29
CH,VIGOROUS - RED CATTLE 15'S,BOT,, 70.00 , 250.00 ,,
CH,VIGOROUS - RED CATTLE 15'S PC,PC,15, 4.67 , 30.00 ,,
CH,VIGOROUS - YELLOW 9s,BOT,, 60.00 , 250.00 ,,
CH,VIGOROUS - YELLOW 9s PC,PC,9, 6.67 , 30.00 ,,
CH,XINMAINING PIAN SUMALIN 100S,BOT,, 90.00 , 180.00 ,,
CH,YING DA WANG 6S,BOT,, 30.03 , 150.00 ,25,11/1/28
CH,YING DA WANG 6S PC,PC,6, 5.00 , 50.00 ,,
CH,HAPPY KING 12S,BOT,, 80.00 , 600.00 ,,
CH,HAPPY KING 12S PC,PC,12, 6.67 , 50.00 ,,
CH,MIPIACI ORGANIC BARLEY POWDER 200G,BOT,, 300.00 , 650.00 ,5,3/30/27
CH,ALASKA FISH OIL 100S,BOT,, 80.00 , 395.00 ,19,1/30/29
CH,ALASKA FISH OIL 100S PC,PC,100, 0.80 , 4.00 ,,
CH,BIOFITEA,BOT,, 146.25 , 250.00 ,6,12/1/30
CH,BIOFITEA PC,PC,30, 4.88 , 10.00 ,,
CH,ANTI CANCERLIN,BOT,, 200.00 , 345.00 ,,
CH,GUYABANO CAPSULE 50GM 100'S,BOX,, 80.00 , 245.00 ,,
CH,KASOY OIL 60ML,BOT,, 30.00 , 100.00 ,,
CH,DXN,BOX,, 550.00 , 900.00 ,,
CH,DXN 20 PC,PC,20, 27.50 , 55.00 ,,
CH,SERPENTINA 50GMS CAPSULE 100'S,BOT,, 80.00 , 195.00 ,12,1/1/27
CH,SERPENTINA 50GMS CAPSULE 100'S PC,PC,100, 0.80 , 3.00 ,,
CH,SAMBONG CAPSULE 50GM 100'S,BOT,, 80.00 , 245.00 ,4,1/1/27
CH,BIGUERLAI LAXATIVE TEA 2G 25S,BOX,, 150.00 , 295.00 ,,
CH,BIGUERLAI LAXATIVE TEA 2G 25S PC,PC, 25.00 , 6.00 , 15.00 ,,
CH,ROYAL JELLY 30S (DK),BOT,, 300.00 , 495.00 ,,
CH,PARAGIS CAPSULE 50GM 100'S,BOT,, 80.00 , 150.00 ,4,1/31/28
CH,QING TIAN ZHU/POTALA 4S,BOX,, 90.00 , 150.00 ,,
,,,,,,,
,OTHER CHINESE PRODUCTS,,,,,,
OSP,LINGZHI CHUANG YAO WAN PADS 50S,BOX,, 390.00 , 625.00 ,10,3/31/28
OSP,LINGZHI CHUANG YAO WAN PADS 50S PC,PC,50, 7.80 , 15.00 ,20,3/31/28
OSP,LINGZHI GEJIE PILLS 30S,BOT,, 290.00 , 700.00 ,130,3/31/28
OSP,LINGZHI GEJIE PILLS 30S PC,PC,30, 9.67 , 30.00 ,15,3/31/28
,,,,,,,
,OTHER CHINESE BEAUTY PRODUCTS,,,,,,
,A BONNE,,,,,,
BP-AB,MILK POWER LIGHTENING LOTION,BOT,, 140.00 , 300.00 ,,
BP-AB,SALT REFILL 350G,PACK,, 68.00 , 130.00 ,,
BP-AB,SPA MILK SALT 380G,BOT,, 83.13 , 155.00 ,,
BP-AS,PINK NIPPLE CREAM 10.0G,TUBE,, 95.00 ,,,
,,,,,,,
,,,,,,,
,YOKO,,,,,,
BP-YK,ACNE MELASMA COQ10 (DARK PINK),BOX,, 18.75 , 30.00 ,,
BP-YK,ACNE MELASMA CREAM 4G (PINK),BOX,, 16.67 , 30.00 ,,
BP-YK,HERBAL FRUITY CREAM 4G (YELLOW),BOX,, 17.50 , 30.00 ,,
BP-YK,PAPAYA EXTRACT CREAM,BOX,, 18.75 , 30.00 ,,
BP-YK,W/ GINSENG PEARLS 4G (RED),BOX,, 18.75 , 30.00 ,,
BP-YK,WHITENING CREAM 4G OTHERS (WHITE) IMPORTED,BOX,, 18.75 , 30.00 ,,
BP-YK,WHITENING CREAM COENZYME Q10 4G (VIOLET),BOX,, 16.67 , 30.00 ,,
,,,,,,,
,CENTRUM,,,,,,
CE,CENTRUM PLAIN 365S,BOT,," 1,400.00 "," 2,600.00 ",,
CE,CENTRUM PLAIN 365S PC,PC,365, 3.84 , 10.00 ,,
CE,CENTRUM SILVER 325'S,BOT,," 1,380.19 "," 3,250.00 ",,
CE,CENTRUM SILVER 325'S PC,PC,325, 4.25 , 15.00 ,16,2/1/27
CE,CENTRUM PLAIN 425S,BOT,," 1,650.00 "," 2,950.00 ",,
CE,CENTRUM PLAIN 425S PC,PC,425, 3.88 , 12.00 ,,
,,,,,,,
,HPI PRODUCTS,,,,,,
HPI,HPI- KIDNEY CLEANSE 60'S,BOT,," 1,100.00 "," 1,980.00 ",,
HPI,HPI-KIDNEY CLEANSE 60'S PC,PC,60, 18.33 , 33.00 ,,
HPI,HPI SUPER COLON CLEANSE 240S,BOT,," 1,350.00 "," 2,350.00 ",,
HPI,HPI SUPER COLON CLEANSE 240S PC,PC,240, 5.63 , 14.00 ,,
HPI,HPI-LIVER DETOX 60'S,BOT,," 1,200.00 "," 1,995.00 ",,
HPI,HPI-LIVER DETOX 60'S PC,PC,60, 20.00 , 40.00 ,,
HPI,HPI PSYLLIUM HUSH 24 OZ,BOT,, 950.00 ," 1,450.00 ",,
,,,,,,,
,KIRKLAND,,,,,,
KL,C 500 MG 500S,BOT,, 935.00 ," 2,100.00 ",2,9/1/27
KL,C 500 MG 500S PC,PC,500, 1.87 , 5.00 ,479,11/1/27
KL,C 1000 MG 500S,BOT,," 1,100.00 "," 2,600.00 ",7,2/1/29
KL,C 1000 MG 500S PC,PC,500, 2.20 , 7.00 ,565,2/1/29
KL,CALCIUM 600MG+D3 500S,BOT,, 720.31 ," 1,600.00 ",5,4/1/28
KL,CALCIUM 600MG+D3 500S PC,PC,500, 1.44 , 6.00 ,16,4/1/28
KL,CALCIUM CITRATE MAGNESIUM & ZINC 500S,BOT,, 890.25 ," 2,100.00 ",7,4/1/28
KL,CALCIUM CITRATE MAGNESIUM & ZINC 500S PC,PC,500, 1.78 , 6.00 ,168,4/1/28
KL,DAILY MULTI VITAMINS (ADULT) 400S,BOT,, 850.00 ," 1,995.00 ",,
KL,DAILY MULTI VITAMINS (ADULT) 400S PC,PC,400, 2.13 , 7.00 ,284,2/1/27
KL,DAILY MULTI VITAMINS (PLAIN) 500S,BOT,," 1,337.50 "," 2,200.00 ",1,5/1/27
KL,DAILY MULTI VITAMINS (PLAIN) 500S PC,PC,500, 2.67 , 6.00 ,4,11/1/26
KL,E 400 IU 500S,BOT,, 884.17 ," 1,800.00 ",6,10/1/28
KL,E 400 IU 500S PC,PC,500, 1.77 , 5.00 ,437,10/1/28
KL,FISH OIL CONCENTRATE 1000MG 400S,BOT,," 1,372.50 "," 2,750.00 ",6,3/1/27
KL,FISH OIL CONCENTRATE 1000MG 400S PC,PC,400, 3.43 , 8.00 ,266,11/1/27
KL,GLUCOSAMINE 1500MG/CHONDROITIN 1200MG 220'S TABLET,BOT,," 1,380.00 "," 2,800.00 ",,
KL,GLUCOSAMINE 1500MG/CHONDROITIN 1200MG 220'S TABLET PC,PC,220, 6.27 , 15.00 ,,
KL,GLUCOSAMINE 1500MG/CHONDROITIN 1200MG 280'S TABLET,BOT,," 1,430.00 "," 2,950.00 ",2,1/1/29
KL,GLUCOSAMINE 1500MG/CHONDROITIN 1200MG 280'S TABLET PC,PC,280, 5.11 , 15.00 ,383,10/1/28
KL,GLUCOSAMINE HCI 1500MG W/ MSM 1500MG 375S,BOT,," 1,052.03 "," 2,800.00 ",1,9/1/26
KL,GLUCOSAMINE HCI 1500MG W/ MSM 1500MG 375S PC,PC,375, 2.81 , 8.00 ,565,4/1/27
KL,VITAMIN D3 2000 IU 600'S,BOT,, 747.51 ," 2,550.00 ",1,7/1/28
KL,VITAMIN D3 2000 IU 600'S PC,PC,600, 1.25 , 7.00 ,499,4/1/27
KL,SUPER B COMPLEX 500'S,BOT,," 1,011.35 "," 2,550.00 ",,
KL,SUPER B COMPLEX 500'S PC,PC,500, 2.02 , 7.00 ,228,6/1/27
KL,COQ10 300MG 100'S,BOT,," 1,400.00 "," 2,895.00 ",,
KL,COQ10 300MG 100'S PC,PC,100, 14.00 , 30.00 ,,
KL,WILD ALASKAN FISH OIL 230'S,BOT,," 1,600.00 "," 2,990.00 ",,
KL,WILD ALASKAN FISH OIL 230'S PC,PC,230, 6.96 , 15.00 ,19,1/1/27
KL,KRILL OIL 500MG 160'S,BOT,," 1,650.00 "," 2,950.00 ",,
KL,KRILL OIL 500MG 160'S PC,PC,160, 10.31 ,,,
,,,,,,,
,NATURE'S MADE,,,,,,
NM,SUPER B COMPLEX 460'S,BOT,," 1,285.92 "," 2,650.00 ",,
NM,SUPER B COMPLEX 460'S PC,PC,460, 2.80 , 8.00 ,,
NM,MAGNESSIUM 400MG 180s,BOT,," 1,228.75 "," 2,200.00 ",,
NM,MAGNESSIUM 400MG 180s PC,PC,180, 6.83 , 15.00 ,158,8/1/26
NM,MAGNESSIUM CITRATE 250MG 180'S,BOT,," 1,500.00 "," 2,750.00 ",,
NM,MAGNESSIUM CITRATE 250MG 180'S PC,PC,180, 8.33 , 18.00 ,,
NM,FISH OIL 1200MG 200's,BOT,, 650.00 ," 1,759.00 ",,
NM,FISH OIL 1200MG 200's PC,PC,200, 3.25 , 10.00 ,,
NM,FISH OIL 1200MG 300's,BOT,," 1,330.64 "," 2,800.00 ",2,12/31/27
NM,FISH OIL 1200MG 300's PC,PC,300, 4.44 , 12.00 ,298,12/1/27
NM,VITAMIN D3 1000IU 25MCG 650'S,BOT,," 1,223.75 "," 2,500.00 ",,
NM,VITAMIN D3 1000IU 25MCG 650'S PC,PC,650, 1.88 , 5.00 ,,
NM,SUPER C W/ VITAMIN D3 & ZINC 200'S,BOT,," 1,050.00 "," 2,245.00 ",,
NM,SUPER C W/ VITAMIN D3 & ZINC 200'S PC,PC,200, 5.25 , 13.00 ,,
NM,NM POTASSIUM GLUCONATE 100'S,BOT,, 381.50 , 995.00 ,,
NM,CAL/MAG/ZINC 300S TABS,BOT,, 900.00 ," 1,800.00 ",,
NM,CAL/MAG/ZINC 300S TABS PC,PC,300, 3.00 , 8.00 ,,
,,,,,,,
,,,,,,,
,,,,,,,
,TRU NATURE,,,,,,
TN,CRANBERRY 650MG 140,BOT,," 1,600.00 "," 2,995.00 ",,
TN,CRANBERRY 650MG 140'S PC,PC,140, 11.43 , 25.00 ,119,2/1/26
TN,GINKGO BILOBA 120MG 340'S,BOT,," 1,075.00 "," 2,200.00 ",2,2/1/27
TN,GINKGO BILOBA 120MG 340'S PC,PC,340, 3.16 , 9.00 ,108,12/1/26
TN,PROSTATE HEALTH COMPLEX SAW PALMETTO 250'S,BOT,," 2,200.00 "," 4,100.00 ",,
TN,PROSTATE HEALTH COMPLEX SAW PALMETTO 250'S PC,PC,250, 8.80 , 18.00 ,,
,,,,,,,
,OTHER US PRODUCTS,,,,,,
OUS,YOUTHEORY COLLAGEN 290'S,BOT,," 1,000.16 "," 2,350.00 ",,
OUS,YOUTHEORY COLLAGEN 290'S PC,PC,290, 3.45 , 10.00 ,,
OUS,YOUTHEORY COLLAGEN 390'S,BOT,," 1,444.25 "," 2,650.00 ",2,6/1/27
OUS,YOUTHEORY COLLAGEN 390'S PC,PC,390, 3.70 , 9.00 ,360,4/1/27
OUS,YOUTHEORY COLLAGEN 120'S,BOT,, 535.88 ," 1,295.00 ",,
OUS,YOUTHEORY COLLAGEN 160'S,BOT,, 677.86 ," 1,550.00 ",,
OUS,YOUTHEORY COLLAGEN 290'S MEN,BOT,," 1,055.54 "," 2,350.00 ",1,6/1/27
OUS,YOUTHEORY COLLAGEN 290'S MEN PC,PC,290, 3.64 , 10.00 ,66,6/1/28
OUS,OSTEO BIFLEX GLUCO & CHON 200'S,BOT,," 1,575.00 "," 2,950.00 ",,
OUS,OSTEO BIFLEX GLUCO & CHON 200'S PC,PC,200, 7.88 , 18.00 ,,
OTH,PN NEOCELL COLLAGEN W/BIOTIN 330G POWDER,BOT,," 2,990.00 "," 2,990.00 ",,
OUS,YOUTHEORY COLLAGEN 390'S MEN,BOT,," 1,000.00 ",,,
OUS,YOUTHEORY COLLAGEN 390'S MEN PC,PC,390, 2.56 , 9.00 ,,
,,,,,,,
,BODY BUILDING,,,,,,
,MUSCLETECH,,,,,,
OBP,HYDROXYCUT HARDCORE ELITE CAPS 100S,BOT,," 1,150.00 "," 2,650.00 ",,
OBP,HYDROXYCUT HARDCORE ELITE CAPS 100S PC,PC,100, 11.50 , 32.00 ,,
OBP,HYDROXYCUT HARDCORE SUPER ELITE CAPS 120S,BOT,," 1,300.00 "," 3,500.00 ",,
OBP,HYDROXYCUT HARDCORE SUPER ELITE CAPS 120S PC,PC,120, 10.83 , 35.00 ,,
,,,,,,,
,OPTIMUM NUTRITION,,,,,,
ON,AMINO 2222 TABS 160S,BOT,," 1,100.00 "," 1,995.00 ",,
ON,AMINO 2222 TABS 160S PC,PC,160, 6.88 , 18.00 ,,
ON,AMINO 2222 TABS 320'S,BOT,," 1,990.00 "," 3,595.00 ",,
ON,AMINO 2222 TABS 320'S PC,PC,320, 6.22 , 18.00 ,,
ON,CREATINE CAPSULE 200'S,BOT,," 2,370.00 "," 4,360.00 ",,
ON,CREATINE CAPSULE 200'S PC,PC,200, 11.85 , 25.00 ,,
ON,CREATINE CAPSULE 300'S,BOT,," 3,590.00 "," 6,560.00 ",,
ON,CREATINE CAPSULE 300'S PC,PC,300, 11.97 , 25.00 ,,
ON,SERIOUS MASS 6LBS CHOCO,BOT,," 2,170.00 "," 3,990.00 ",,
ON,WHEY PROTEIN 1LB DOUBLE RICH CHOCO,BOT,," 1,100.00 "," 2,600.00 ",,
ON,WHEY PROTEIN 1LB VANILLA ICE CREAM,BOT,," 1,290.00 "," 2,600.00 ",,
ON,WHEY PROTEIN 2LB DOUBLE RICH CHOCO,BOT,," 1,290.00 "," 3,950.00 ",,
ON,WHEY PROTEIN 2LB VANILLA ICE CREAM,BOT,," 2,000.00 "," 3,950.00 ",,
ON,WHEY PROTEIN 2LB FRENCH VANILLA ICE CREAM,BOT,," 2,000.00 "," 3,575.00 ",,
ON,WHEY PROTEIN 2LB COOKIES & CREAM ,BOT,," 1,930.00 "," 3,575.00 ",,
ON,WHEY PROTEIN 2LB EXTREME MILK CHOCOLATE,BOT,," 1,930.00 "," 3,575.00 ",,
ON,WHEY PROTEIN 2LB ROCKY ROAD ,BOT,," 1,930.00 "," 3,575.00 ",,
ON,WHEY PROTEIN 5LB DOUBLE RICH CHOCO,BOT,," 3,740.00 "," 6,750.00 ",,
ON,WHEY PROTIEN 5LB VANILLA ICE CREAM,BOT,," 2,820.00 "," 5,350.00 ",,
ON,WHEY PROTEIN DOUBLE RICH CHOCO 30.4G,PACK,, 120.00 , 240.00 ,,
ON,WHEY PROTEIN EXTREME MILK CHOCO 32G,PACK,, 120.00 , 240.00 ,,
,,,,,,,
,BARLEY PRODUCTS,,,,,,
OLP,AMAZING BARLEY 10'S,BOX,, 550.00 ," 1,000.00 ",7,8/1/27
OLP,AMAZING BARLEY 10'S PC,PC,10, 55.00 , 105.00 ,,
OLP,BARLEY GREEN POWDER 23G,BOT,, 120.00 , 320.00 ,10,7/1/26
OLP,BARLEY GREEN POWDER 25G PREMIUM,BOT,, 84.00 , 275.00 ,,
OLP,SANTE BARLEY 500MG CAPSULE 60'S,BOT,, 371.88 ," 1,050.00 ",,
OLP,SANTE BARLEY 500MG CAPSULE 60'S PC,PC,60, 6.20 , 22.00 ,16,6/1/26
OLP,SANTE BARLEY POWDER JUICE 30'S,BOX,, 750.31 ," 1,695.00 ",,
OLP,SANTE BARLEY POWDER JUICE 30'S PC,PC,30, 25.01 , 60.00 ,,
OLP,SANTE BARLEY FUSION COFFEE 10'S,BOX,, 165.00 , 340.00 ,,
OLP,SANTE BARLEY JUICE 200G (CANISTER),BOT,, 988.36 ," 2,600.00 ",2,12/1/26
OUS,SALVEO BARLEY GRASS 80 GRAMS,PACK,, 735.00 ," 1,300.00 ",9,10/1/27
OUS,SALVEO BARLEY GRASS 240 GRAMS,PACK,," 1,400.00 "," 2,950.00 ",,
,,,,,,,
,WINALITE,,,,,,
WN,WINION NAPKIN DAY 8S,PACK,, 250.00 , 320.00 ,,
WN,WINION NAPKIN DAY 8S PC,PC,8, 31.25 , 40.00 ,,
WN,WINION NAPKIN OVERNIGHT 8S,PACK,, 250.00 , 320.00 ,,
WN,WINION NAPKIN OVERNIGHT 8S PC,PC,8, 31.25 , 40.00 ,,
WN,WINION NAPKIN PANTILINERS 24S,PACK,, 365.00 , 415.00 ,,
WN,WINION NAPKIN PANTILINERS 24S PC,PC,24, 15.21 , 18.00 ,,
,,,,,,,
,MRI PRODUCTS,,,,,,
CMD,MRI CMD TRACE MINERAL DROPS 30 ML,BOT,, 564.00 , 750.00 ,,
CMD,MRI CMD TRACE MINERAL DROPS 60 ML,BOT,, 924.00 ," 1,200.00 ",,
CMD,MRI CMD TRACE MINERAL DROPS 15 ML,BOT,, 241.00 , 350.00 ,5,
,,,,,,,
,,,,,,,
,,,,,,,
,,,,,,,
,NATURE'S WAY,,,,,,
OUS,ALIVE (NATURES WAY) WITH IRON 90'S,BOT,, 670.00 ," 1,795.00 ",,
OUS,ALIVE (NATURES WAY) WITH IRON 90'S PC,PC,90, 7.44 , 22.00 ,,
OUS,ALIVE (NATURES WAY) NO IRON 90'S,BOT,, 663.07 ," 1,795.00 ",,
OUS,ALIVE (NATURES WAY) NO IRON 90'S PC,PC,90, 7.37 , 22.00 ,,
OUS,GREEN TEA FAT BURNER 200'S,BOT,," 1,200.00 "," 2,500.00 ",,
OUS,GREEN TEA FAT BURNER 200'S PC,PC,200, 6.00 , 15.00 ,,
,,,,,,,
,,,,,,,
,SWANSON,,,,,,
SW,SWANSON SAW PALMETTO 540MG 100'S,BOT,, 308.48 , 995.00 ,,
SW,SWANSON SAW PALMETTO 540MG 100'S PC,PC,100, 3.08 , 10.00 ,,
SW,SWANSON FLAXSEED OIL 200'S,BOT,, 719.00 ," 1,300.00 ",,
SW,SWANSON FLAXSEED OIL 200'S PC,PC,200, 3.60 , 8.00 ,,
SW,SWANSON CHROMIUM PICOLINATE 200'S,BOT,, 463.32 ," 1,100.00 ",,
SW,SWANSON CHROMIUM PICOLINATE 200'S PC,PC,200, 2.32 , 7.00 ,,
SW,SWANSON MACA 500MG 100S,BOT,, 520.65 ," 1,200.00 ",,
SW,SWANSON MACA 500MG 100S PC,PC,100, 5.21 , 14.00 ,,
SW,SWANSON VITAMIN D3 5000IU 250'S,BOT,, 561.63 ," 1,950.00 ",,
SW,SWANSON VITAMIN D3 5000IU 250'S PC,PC,250, 2.25 , 12.00 ,,
SW,SWANSON CHROMIUM PICOLINATE 100'S,BOT,, 251.76 , 795.00 ,1,3/1/28
SW,SWANSON CHROMIUM PICOLINATE 100'S PC,PC,100, 2.52 , 10.00 ,,
SW,SWANSON CO Q10 100MG 100'S,BOT,, 845.20 ," 2,100.00 ",,
SW,SWANSON CO Q10 100MG 100'S PC,PC,100, 8.45 , 22.00 ,,
SW,SWANSON POTASSIUM CITRATE 100'S,BOT,, 325.70 , 800.00 ,,
SW,SWANSON ASHWAGANDA 100'S,BOT,, 375.92 , 995.00 ,,
SW,SWANSON ASHWAGANDA 100'S PC,PC,100, 3.76 , 12.00 ,,
SW,SWANSON ALPHA LIFOIC ACID 300MG 60S,BOT,, 382.50 , 500.00 ,,
SW,SWANSON ALPHA LIFOIC ACID 600MG 60S,BOT,,," 1,700.00 ",,
SW,SWANSON E400 MIXED TOCOPHEROLS 100,BOT,,, 600.00 ,,
SW,SWANSON QUERCETIN 475MG 60S,BOT,,, 500.00 ,,
SW,SWANSON MILK THISTLE 500MG 100S,BOT,, 270.04 , 995.00 ,,
SW,SWANSON MILK THISTLE 500MG 120S,BOT,, 492.58 ," 1,095.00 ",,
SW,SWANSON MILK THISTLE 500MG 120S PC,PC,120, 4.10 , 12.00 ,,
SW,SWANSON IPOCITOL 650MG 100'S ,BOT,,, -   ,,
,,,,,,,
,,,,,,,
,OUS-LGD,,,,,,
OUS-LGD,21ST CENTURY ACIDOPHILUS PROBIOTIC BLEND 150'S,BOT,, 490.80 , 995.00 ,,
OUS-LGD,21ST CENTURY B COMPLEX PLUS C 100S,BOT,, 360.01 , 650.00 ,,
OUS-LGD,21ST CENTURY B12 1000MCG 110'S,BOT,, 341.75 , 895.00 ,,
OUS-LGD,21ST CENTURY B12 500MCG 110S,BOT,, 253.42 , 495.00 ,,
OUS-LGD,21ST CENTURY B12 500MCG 110S PC,PC,110, 2.30 , 8.00 ,,
OUS-LGD,21ST CENTURY B12 PROLONG RELEASE 1000MCG 100S,BOT,, 336.74 , 595.00 ,,
OUS-LGD,21ST CENTURY BIOTIN 10000MCG 120'S,BOT,, 444.77 , 895.00 ,,
OUS-LGD,21ST CENTURY BIOTIN 5000MCG 110'S,BOT,, 348.41 , 650.00 ,,
OUS-LGD,21ST CENTURY BIOTIN 5000MCG 110'S PC,PC,110, 3.17 , 6.00 ,,
OUS-LGD,21ST CENTURY C1000MG W/ ROSEHIPS 110S,BOT,, 478.94 ," 1,095.00 ",,
OUS-LGD,21ST CENTURY C1000MG W/ ROSEHIPS 110S PC,PC,110, 4.35 , 11.00 ,,
OUS-LGD,21ST CENTURY FLAXSEED OIL 1000MG 120S,BOT,, 511.92 ," 1,100.00 ",1,9/1/27
OUS-LGD,21ST CENTURY FLAXSEED OIL 1000MG 120S PC,PC,120, 4.27 , 12.00 ,,
OUS-LGD,21ST CENTURY FOLIC ACID 400MG 250'S,BOT,, 206.75 , 595.00 ,,
OUS-LGD,21ST CENTURY FOLIC ACID 400MG 250'S PC,PC,250, 0.83 , 3.00 ,,
OUS-LGD,21ST CENTURY FOLIC ACID 800MG 180'S,BOT,, 242.09 , 550.00 ,,
OUS-LGD,21ST CENTURY MELATONIN 10MG 120S,BOT,, 484.13 , 995.00 ,,
OUS-LGD,21ST CENTURY MELATONIN 10MG 120S PC,PC,120, 4.03 , 10.00 ,,
OUS-LGD,21ST CENTURY MELATONIN 3MG 200S,BOT,, 389.79 , 995.00 ,,
OUS-LGD,21ST CENTURY MELATONIN 3MG 200S PC,PC,200, 1.95 , 6.00 ,,
OUS-LGD,21ST CENTURY MELATONIN 3MG 90S,BOT,, 241.99 , 595.00 ,,
OUS-LGD,21ST CENTURY MELATONIN 5MG 120S,BOT,, 392.50 , 850.00 ,,
OUS-LGD,21ST CENTURY MELATONIN 5MG 120S PC,PC,120, 3.27 , 8.00 ,,
OUS-LGD,21ST CENTURY ZINC 50MG 360'S,BOT,, 445.13 ," 1,250.00 ",,
OUS-LGD,21ST CENTURY ZINC 50MG 360'S PC,PC,360, 1.24 , 6.00 ,,
OUS-LGD,AN GREEN TEA FAT BURNER 30s,BOT,, 502.05 , 995.00 ,,
OUS-LGD,AN GREEN TEA FAT BURNER 30S PC,PC,30, 16.74 , 35.00 ,,
OUS-LGD,AN GREEN TEA FAT BURNER 90S,BOT,," 1,025.49 "," 2,000.00 ",,
OUS-LGD,AN GREEN TEA FAT BURNER 90S PC,PC,90, 11.39 , 25.00 ,,
OUS-LGD,CALIFORNIA GOLD LACTOBIF5 PROBIOTICS FB 60S,BOT,, 477.75 , 995.00 ,,
OUS-LGD,CALIFORNIA GOLD NUTRITION BIOTIN 10000MCG 90S,BOT,, 412.00 , 895.00 ,,
OUS-LGD,CALIFORNIA GOLD NUTRITION COQ10 100MG 120'S,BOT,, 949.04 ," 1,995.00 ",,
OUS-LGD,CALIFORNIA GOLD NUTRITION COQ10 100MG 120'S PC,PC,120, 7.91 , 20.00 ,,
OUS-LGD,CALIFORNIA GOLD NUTRITION L-GLUTATHION 500MG 30'S,BOT,, 541.65 ," 1,180.00 ",,
OUS-LGD,CALIFORNIA GOLD NUTRITION OMEGA 3 FISH OIL 100'S,BOT,, 560.75 , 750.00 ,,
OUS-LGD,CALIFORNIA GOLD NUTRITION OMEGA 3 FISH OIL 240'S,BOT,," 1,323.28 "," 2,495.00 ",,
OUS-LGD,CALIFORNIA GOLD NUTRITION OMEGA 3 FISH OIL 240'S PC,PC,240, 5.51 , 12.00 ,,
OUS-LGD,CALIFORNIA GOLD VITAMIN C 500MG 240S,BOT,, 616.40 , -   ,,
OUS-LGD,CALIFORNIA GOLD NUTRITION MARINE COLLAGEN 206G,PACK,, 891.79 ," 1,650.00 ",,
OUS-LGD,DOCTORS BEST CO Q10 120'S,BOT,, 945.89 ," 2,200.00 ",,
OUS-LGD,DOCTORS BEST CO Q10 120'S PC,PC,120, 7.88 , 20.00 ,,
OUS-LGD,DOCTORS BEST GINKO BILOBA 120MG 120'S,BOT,, 541.94 ," 1,300.00 ",,
OUS-LGD,DOCTORS BEST GINKO BILOBA 120MG 360'S,BOT,," 1,292.47 "," 2,450.00 ",,
OUS-LGD,DOCTORS BEST GINKO BILOBA 120MG 360'S PC,PC,360, 3.59 , 9.00 ,,
OUS-LGD,DOCTORS BEST VIT D3 5000IU 180S,BOT,, 312.87 , 995.00 ,,
OUS-LGD,DW APPETITE CONTROL PREBIOTIC GUMMIES 60s,BOT,, 710.90 ," 1,295.00 ",,
OUS-LGD,KAL CAL MAG ZINC 100'S,BOT,, 453.71 , 795.00 ,1,10/1/28
OUS-LGD,KAL CAL MAG ZINC 90'S,BOT,, 334.43 , 750.00 ,,
OUS-LGD,KAL MAGNESIUM GLYCINATE 350MG 160S,BOT,, 785.14 ," 1,695.00 ",7,5/1/29
OUS-LGD,KAL MAGNESIUM GLYCINATE 350MG 160S PC,PC,160, 4.91 , 15.00 ,102,5/1/29
OUS-LGD,KAL POTASSIUM CITRATE 99MG 100S,BOT,, 252.51 , 550.00 ,,
OUS-LGD,KAL POTASSIUM CHLORIDE 99MG 100S,BOT,, 206.24 , 550.00 ,,
OUS,LUXCENT L-GLUTATHIONE 60S,BOT,," 1,100.00 "," 1,900.00 ",,
OUS,LUXCENT L-GLUTATHIONE 60S PC,PC,60, 18.33 , 65.00 ,,
OUS-LGD,NATROL ACIDOPHILUS PROBIOTIC 150S,BOT,, 478.15 ," 1,050.00 ",,
OUS-LGD,NATROL MELATONIN 3MG 240S,BOT,, 603.34 ," 1,695.00 ",,
OUS-LGD,NATROL MELATONIN 3MG 240S PC,PC,240, 2.51 , 8.00 ,,
OUS-LGD,NATROL MELATONIN 3MG 90'S,BOT,, 555.00 ," 1,095.00 ",,
OUS-LGD,NATROL MELATONIN 5MG 100'S,BOT,, 604.57 , 950.00 ,,
OUS-LGD,NATROL MELATONIN 5MG 100'S PC,PC,100, 6.05 , 8.00 ,,
OUS-LGD,NATROL MELATONIN 5MG 150'S,BOT,, 856.92 ," 1,500.00 ",,
OUS-LGD,NATROL MELATONIN 5MG 150'S PC,PC,150, 5.71 , 12.00 ,,
OUS-LGD,NATURAL FACTORS ASHWAGANDA 600MG 30'S,BOT,, 630.00 ," 1,200.00 ",,
OUS-LGD,NATURAL FACTORS MELATONIN 3MG 180'S,BOT,, 403.29 ," 1,000.00 ",,
OUS-LGD,NATURAL FACTORS MELATONIN 3MG 180'S PC,PC,180, 2.24 , 6.00 ,,
OUS-LGD,NATURAL FACTORS MELATONIN 3MG 90S CHEWABLE,BOT,, 380.66 , 595.00 ,,
OUS-LGD,NATURAL FACTORS MELATONIN 3MG 90S CHEWABLE PC,PC,90, 4.23 , 10.00 ,,
OUS-LGD,NATURAL FACTORS MELATONIN 5MG 180'S,BOT,, 562.85 ," 1,395.00 ",,
OUS-LGD,NATURAL FACTORS MELATONIN 5MG 180'S PC,PC,180, 3.13 , 9.00 ,,
OUS-LGD,NATURAL FACTORS MELATONIN 5MG 90'S,BOT,, 393.10 , 850.00 ,,
OUS-LGD,NATURAL FACTORS MELATONIN 5MG 90'S PC,PC,90, 4.37 , 12.00 ,,
OUS-LGD,NATURAL FACTORS POTASSIUM CITRATE 99MG 90S,BOT,, 246.68 , 595.00 ,1,9/30/28
OUS-LGD,NATURES LIFE VIT E 400 IU TOCOPHEROL 100S,BOT,, 866.00 ," 1,750.00 ",,
OUS-LGD,NATURES LIFE VIT E 400 IU TOCOPHEROL 100S PC,PC,100, 8.66 , 20.00 ,,
OUS-LGD,NATURES MADE FOLIC ACID 400MCG 250'S,BOT,, 342.77 ," 1,100.00 ",,
OUS-LGD,NATURES MADE FOLIC ACID 400MCG 250'S PC,PC,250, 1.37 , 5.00 ,,
OUS-LGD,NATURES MADE MELATONIN 3MG 240'S,BOT,, 554.44 ," 1,195.00 ",,
OUS-LGD,NATURES MADE MELATONIN 3MG 240'S PC,PC,240, 2.31 , 6.00 ,,
OUS-LGD,NATURE'S TRUTH APPLE CIDER VINEGAR 75'S,BOT,, 703.02 ," 1,195.00 ",,
OUS-LGD,NATURES TRUTH FOLIC ACID 800MG 250'S,BOT,, 405.12 , 895.00 ,,
OUS-LGD,NATURES TRUTH FOLIC ACID 800MG 250'S PC,PC,250, 1.62 , 6.00 ,,
OUS-LGD,NATURES WAY ALIVE KIDS MULTIVIT GUMMIES 60'S,BOT,, 593.02 , 995.00 ,,
OUS-LGD,NEOCELL SUPER COLLAGEN + VITC BIOTIN 180S,BOT,, 844.40 ," 2,300.00 ",,
OUS-LGD,NEOCELL SUPER COLLAGEN + VITC BIOTIN 180S PC,PC,180, 4.69 , 15.00 ,,
OUS-LGD,NEOCELL SUPER COLLAGEN + VITC BIOTIN 270S,BOT,," 1,126.14 "," 2,950.00 ",,
OUS-LGD,NEOCELL SUPER COLLAGEN + VITC BIOTIN 270S PC,PC,270, 4.17 , 15.00 ,,
OUS-LGD,NEOCELL GRASSFED COLLAGEN PEPTIDES + VITC BIOTIN 180S,BOT,, 850.50 ," 2,300.00 ",,
OUS-LGD,NEOCELL GRASSFED COLLAGEN PEPTIDES + VITC BIOTIN 180S PC,PC,180, 4.72 , 15.00 ,,
OUS-LGD,NEOCELL GRASSFED COLLAGEN PEPTIDES + VITC BIOTIN 270S,BOT,," 1,109.36 "," 2,950.00 ",,
OUS-LGD,NEOCELL GRASSFED COLLAGEN PEPTIDES + VITC BIOTIN 270S PC,PC,270, 4.11 , 15.00 ,,
OUS-LGD,NEOCELL GRASSFED COLLAGEN PEPTIDES + VITC BIOTIN 360S,BOT,," 1,300.00 "," 3,495.00 ",3,6/1/28
OUS-LGD,NEOCELL GRASSFED COLLAGEN PEPTIDES + VITC BIOTIN 360S PC,PC,360, 3.61 , 12.00 ,280,6/1/28
OUS-LGD,NOW FOLIC ACID 800MG 250'S,BOT,, 303.40 , 550.00 ,,
OUS-LGD,NOW FOLIC ACID 800MG 250'S PC,PC,250, 1.21 , 5.00 ,,
OUS-LGD,NOW GLUTATHIONE 500MG 30S,BOT,, 770.40 ," 1,650.00 ",,
OUS-LGD,NOW MAGNESIUM L-THREONATE 90S,BOT,," 1,756.40 "," 2,595.00 ",,
OUS-LGD,NOW MAGNESIUM L-THREONATE 90S PC,PC,90, 19.52 , 35.00 ,,
OUS-LGD,NUTRICOST EVENING PRIMROSE OIL 1300MG 120S,BOT,, 801.04 ," 1,495.00 ",,
OUS-LGD,NUTRICOST EVENING PRIMROSE OIL 1300MG 120S PC,PC,120, 6.68 , 15.00 ,,
OUS-LGD,NUTRICOST GLUTATHION REDUCED 500MG 240S,BOT,," 2,845.28 "," 6,950.00 ",1,2/1/28
OUS-LGD,NUTRICOST GLUTATHION REDUCED 500MG 240S PC,PC,240, 11.86 , 30.00 ,185,2/1/28
OUS-LGD,NUTRICOST MILK THISTLE 1000MG 240'S,BOT,, 644.11 ," 1,395.00 ",,
OUS-LGD,NUTRICOST MILK THISTLE 1000MG 240'S PC,PC,240, 2.68 , 8.00 ,,
OUS-LGD,NUTRICOST VITAMIN B12 1000MCG METHYLCO 120S,BOT,, 456.82 , 950.00 ,,
OUS-LGD,NUTRICOST VITAMIN B12 1000MCG METHYLCO 120S PC,PC,120, 3.81 , 10.00 ,,
OUS-LGD,NUTRICOST VITAMIN B12 2000MCG METHYLCO 240S,BOT,, 653.66 ," 1,900.00 ",,
OUS-LGD,NUTRICOST VITAMIN B12 2000MCG METHYLCO 240S PC,PC,240, 2.72 , 10.00 ,10,6/1/28
OUS-LGD,PURE METHYL B12 SPRAY 1FLOZ,BOT,, 817.04 , -   ,,
OUS-LGD,SOLARAY B-1 100MG 100'S,BOT,, 387.00 , 725.00 ,,
OUS-LGD,SOLARAY MAGNESIUM GLYCINATE 350MG 120S,BOT,, 716.40 ," 1,595.00 ",,
OUS-LGD,SOLARAY MAGNESIUM GLYCINATE 350MG 120S PC,PC,120, 5.97 , 15.00 ,,
OUS-LGD,SOLARAY MAGNESIUM GLYCINATE 350MG 240S,BOT,," 1,289.36 "," 2,495.00 ",,
OUS-LGD,SOLARAY MAGNESIUM GLYCINATE 350MG 240S PC,PC,240, 5.37 , 15.00 ,,
OUS-LGD,SOLARAY POTASSIUM 99MG 200'S,BOT,, 511.11 ," 1,200.00 ",,
OUS-LGD,SOLARAY POTASSIUM 99MG 200'S PC,PC,200, 2.56 , 8.00 ,,
OUS-LGD,SOLARAY ZINC MG 50MG 100'S,BOT,, 307.39 , 995.00 ,,
OUS-LGD,SOLARAY ZINC MG 50MG 100'S PC,PC,100, 3.07 , 12.00 ,,
OUS-LGD,SWANSON BIOTIN 5000MCG 100'S,BOT,, 330.47 , 850.00 ,,
OUS-LGD,SWANSON EVENING PRIMROSE 500MG 100S,BOT,, 396.01 , 895.00 ,,
OUS-LGD,SWANSON GARCINIA CAMBOGIA 60S,BOT,, 181.96 , 445.00 ,1,4/30/28
OUS-LGD,SWANSON L-ARGININE 500MG 100'S,BOT,, 251.00 , 795.00 ,,
OUS-LGD,SWANSON MELATONIN 3MG 120'S,BOT,, 272.08 , 595.00 ,,
OUS-LGD,SWANSON MELATONIN 5MG 60'S,BOT,, 234.40 , 595.00 ,,
OUS-LGD,SWANSON POTASSIUM CITRATE 99MG 120'S,BOT,, 288.46 , 800.00 ,1,4/1/28
OUS-LGD,SWANSON REDUCED L-GLUTATHION DOUBLE STRENGTH 60S CAPS,BOT,, 758.75 ," 1,450.00 ",,
OLP-LGD,SWANSON SAW PALMETTO 540MG 250'S,BOT,, 739.12 ," 1,595.00 ",,
OLP-LGD,SWANSON SAW PALMETTO 540MG 250'S PC,PC,250, 2.96 , 8.00 ,,
OUS-LGD,TRACE CONCENTRACE 50ML,BOT,, 715.54 ," 1,200.00 ",,
OUS-LGD,LE Neoro-Mag Magnesium L-Threonate 90s,BOT,," 1,718.38 "," 2,950.00 ",,
OUS-LGD,LE Neoro-Mag Magnesium L-Threonate 90s PC,pc,90, 19.09 , 35.00 ,,
OUS-LGD,NUTRICOST B1 100MG 120S,BOT,, 455.00 , 895.00 ,2,3/1/28
OUS-LGD,NUTRICOST B1 100MG 120S PC,pc,120, 3.79 , 10.00 ,,
OUS-LGD,SOLARAY POTASSIUM 99MG 100'S,BOT,, 304.43 , 695.00 ,,
OUS-LGD,SOLARAY POTASSIUM 99MG 100'S PC,pc,100, 3.04 , 8.00 ,,
OUS-LGD,SOLGAR B-1 100MG 100S,BOT,, 590.88 , 995.00 ,2,6/1/27
OUS-LGD,CALIFORNIA GOLD NUTRITION VIT C1000MG 240'S,BOT,, 752.00 ," 1,495.00 ",1,9/1/28
OUS-LGD,CALIFORNIA GOLD NUTRITION VIT C1000MG 240'S PC,PC,240,3.133333333,7,140,9/1/28
,,,,,,,
,,,,,,,
,FERN D,,,,,,
FERN D,FERN D 60'S,BOT,, 580.00 , 820.00 ,,
FERN D,FERN D 120'S,BOT,, 940.00 ," 1,520.00 ",,
FERN D,FERN D 120'S PC,PC,120,7.833333333,15,,
,,,,,,,
,,,,,,,
,,,,,,,
,YAMATO,,,,,,
LP-YAM,PROVIMIN 200MG 150S,BOX,, 310.00 , 575.00 ,,
LP-YAM,PROVIMIN 200MG 150S PC,PC,150,2.066666667,5,,
,,,,,,,
,INTRA JUICE,,,,,,
OSP,INTRA JUICE  950ML,BOT,," 1,250.00 "," 1,870.00 ",15,9/1/27
OSP,INTRA CAPSULE 64'S,BOT,,1250,1870,,
,,,,,,,
,BUAH MERAH PRODUCTS,,,,,,
BM,BUAH MERAH MIX,BOT,, 223.00 , 350.00 ,,
BM,BUAH MERAH MIX 15 IN 1,BOT,,223,350,,
,,,,,,,
,NATURE'S GIFT,,,,,,
NG,NATURE'S GIFT VIRGIN COCONUT OIL 330ML,BOT,, 125.00 , 215.00 ,,
NG,NATURE'S GIFT VIRGIN COCONUT OIL 1000ML,BOT,,270,495,,
,,,,,,,
,BONA PRODUCTS,,,,,,
OLP,BONA SLIM 15 IN 1 COFFEE MIX 10'S,BOX,, 145.00 , 225.00 ,6,6/1/27
OLP,BONA VITA 8 IN 1 COFFEE MIX 10'S,BOX,, 145.00 , 225.00 ,9,12/1/26
OLP,BONA VITA STRAWBERRY DRINK 180G,PACK,,145,225,,
,,,,,,,
,RONVEGO,,,,,,
OSP,WACHICHAO HERBAL TEA 12S OTH,PACK,, 84.00 , 125.00 ,,
OSP,WACHICHAO HERBAL TEA 12S OTH PC,PC,12,7,11,,
,,,,,,,
,LACTO,,,,,,
LP-LACTO,LACTO BACILLUS PLANTARUM 1000 ML,BOT,, 330.00 , 450.00 ,,
LP-LACTO,LACTO BACILLUS PLANTARUM 500 ML,BOT,,180,270,,
,,,,,,,
,OTHER LOCAL PRODUCTS,,,,,,
LP-OTH,HAIRBAC SUPERGRO 150ML,BOT,, 320.00 , 550.00 ,2,
LP-OTH,KINGS HERBAL 1000ML,BOT,, 620.83 ," 1,200.00 ",13,7/1/27
LP-OTH,SQUALENE 100S CAPS ISSHO GENKI - OTHERS,BOX,, 493.75 ," 1,000.00 ",,
LP-OTH,SQUALENE 100S CAPS ISSHO GENKI - OTHERS PC,PC,100, 4.94 , 10.00 ,,
LP-OTH,TURMERIC INSTANT TEA 200G 12 IN 1,PACK,, 160.00 , 260.00 ,,
LP-OTH,TURMERIC INSTANT TEA 400G 12 IN 1,PACK,,280,450,3,
,,,,,,,
,,,,,,,
,NAMICA,,,,,,
NAM,NAMICA AMPALAYA TEA 20'S,BOX,, 55.00 , 150.00 ,,
NAM,NAMICA AMPALAYA TEA 20'S PC,PC,20, 2.75 , 5.00 ,,
NAM,NAMICA GUYABANO TEA 20'S,BOX,, 65.00 , 130.00 ,,
NAM,NAMICA MALUNGGAY TEA 20'S,BOX,, 55.00 , 150.00 ,3,1/1/29
NAM,NAMICA MALUNGGAY TEA 20'S PC,PC,20, 2.75 , 5.00 ,,
NAM,NAMICA PITO-PITO HERBAL TEA 20'S,BOX,, 50.00 , 120.00 ,,
NAM,NAMICA PITO-PITO HERBAL TEA 20'S PC,PC,20, 2.50 , 7.00 ,,
NAM,NAMICA SAMBONG TEA 20'S ,BOX,, 50.00 , 120.00 ,2,9/1/28
NAM,NAMICA SAMBONG TEA 20'S PC,PC,20, 2.50 , 7.00 ,,
NAM,BANABA PHIL. HERBAL TEA 20'S,BOX,, 50.00 , 120.00 ,3,10/1/28
NAM,BANABA PHIL. HERBAL TEA 20'S PC,PC,20,2.5,7,,
,,,,,,,
,,,,,,,
,,,,,,,
,PMS PRODUCTS,,,,,,
PMS,COLLAGEN COFFEE PREMIUM MIX 10's,BOX,, 165.00 , 275.00 ,,
PMS,GREEN COFFEE WITH BUAH MERAH 1O'S,BOX,, 165.00 , 275.00 ,,
PMS,TONGKAT ALI STRONG COFFEE 10'S,BOX,, 165.00 , 320.00 ,,
PMS,MANGOSTEEN CAPPUCCINO COFFEE 10'S,BOX,, 165.00 , 275.00 ,,
PMS,PMS BUAH MERAH 12 IN 1 500ML JUICE,BOT,,165,325,,
,,,,,,,
,VITA HERBS PRODUCTS,,,,,,
VITA,VITA HERBS GREEN COFFEE 10'S,BOX,, 130.00 , 250.00 ,,
VITA,VITA HERBS INSULIN PLANT COFFEE 10'S,BOX,, 135.00 , 275.00 ,,
VITA,VITA HERBS SERPENTINA COFFEE 10'S,BOX,, 130.00 , 295.00 ,,
VITA,VITA HERBS MANGOSTEEN GUYABANO COFFEE 12'S,BOX,, 100.00 , 250.00 ,,
VITA,VITALABS SUPER FAT BURNER 90'S,BOX,, 560.00 ," 1,200.00 ",,
VITA,VITALABS SUPER FAT BURNER 90'S pc,PC,90, 6.22 , 15.00 ,,
VITA,VITA HERBS BARLEY ORGANIC GRASS COFFEE,BOX,,130,295,,
,,,,,,,
,GLUTA LIPO PRODUCTS,,,,,,
OLP,GLUTA LIPO JUICE,BOX,, 211.64 , 370.00 ,,
OLP,GLUTA LIPO COFFEE,BOX,, 211.09 , 370.00 ,,
OLP,GLUTA LIPO DARK CHOCOLATE,BOX,, 242.50 , 420.00 ,,
OLP,GLUTA LIPO FIBER,BOX,, 241.88 , 420.00 ,,
OLP,GLUTA LIPO RED ICED TEA,BOX,, 240.31 , 420.00 ,,
OLP,GLUTA LIPO RED ICED TEA PC,PC,10, 24.03 , 45.00 ,,
OLP,GLUTA LIPO CARB CONTROL TROPICA LYCHEE,BOX,, 270.00 , 420.00 ,,
OLP,GLUTA LIPO CARB CONTROL CREAMY LATTE,BOX,, 270.00 , 420.00 ,,
OLP,GLUTA LIPO CARB CONTROL CLASSIC VANILLA,BOX,,270,420,,
,,,,,,,
,OTHER BEAUTY PRODUCTS,,,,,,
OLP,LUXE SLIM 4 SEASON 10S,BOX,, 290.00 , 395.00 ,,
OLP,LUXE SLIM MACHA LATTE 10S,BOX,, 285.00 , 395.00 ,,
OLP,LUXE SLIM CAFÉ MACHIATO 10S,BOX,, 280.52 , 450.00 ,,
OLP,LUXE SLIM CAFÉ MACHIATO 8S,BOX,, 295.00 , 450.00 ,,
OLP,NATURES GLOW GLUTATHIONE COLLAGEN STRAWBERRY 60S,BOT,, 270.82 , 495.00 ,,
OLP,NATURE GLOW GLUTATHIONE CRANBERRY GUMMIES 60'S ,BOT,, 275.00 , 495.00 ,,
OLP,FITGUM APPLE CIDER 60S,BOT,, 275.09 , 495.00 ,,
OLP,NUGEN BLOOM COLLAGEN COFFEE 10S,BOX,, 180.00 , 295.00 ,,
OLP,LUXE SLIM CUCUMBER AND DALANDAN 10S,BOX,, 290.00 , 395.00 ,,
OLP,LUXE BEAUTY DARK CHOCOLATE 10'S ,BOX,, 290.00 , 395.00 ,,
OLP,LISHOU COFFEE 15'S,CAN,, 210.00 , 380.00 ,,
OLP,BRILLIANT SKIN,BOT,, 210.00 , 375.00 ,,
OLP,FAIRY SKIN PINK,PACK,, 265.00 , 350.00 ,,
OLP,FAIRY SKIN PREMIUM BRIGHTENING SET,PACK,, 265.00 , 375.00 ,,
OLP,FAIRY SKIN BLUE,SET,, 180.00 , 300.00 ,,
OLP,ORGANIC PROTEIN VANILLA 2.7LBS,BOT,," 1,743.83 "," 2,995.00 ",,
OLP,ORGANIC PROTEIN CHOCO 2.64LBS,BOT,," 1,743.83 "," 2,995.00 ",,
OLP,BLUE MIRACLE 100ML,BOT,, 150.00 , 295.00 ,2,NO EXPIRY
OLP,LP CHIA SEEDS,PACK,, 68.00 , 150.00 ,,
OLP,THS WHITENING GLUTA GUMMIES,BOT,, 275.00 , 495.00 ,,
OLP,BEAUTY VAULT LUMI GLUTATHIONE CAPSULES 60'S,BOT,, 280.00 , 495.00 ,,
OLP,BEAUTY VAULT PREMIUM REJUVENATING SET,BOX,, 180.00 , 330.00 ,,
OLP,BEAUTY VAULT WHITENING PLUS MAINTENANCE SET,BOX,, 180.00 , 330.00 ,,
OLP,PERFECT SKIN SUNSCREEN BUY 1 TAKE 1,PACK,, 140.00 , 225.00 ,,
OLP,BRILLIANT SKIN SUNBLOCK 50G,SACHET,, 215.00 , 325.00 ,,
OLP,BRILLIANT KOJIC SOAP MINI 70G,BAR,, 35.00 , 65.00 ,,
OLP,BRILLIANT KOJIC SOAP 135G,BAR,, 65.00 , 100.00 ,,
OLP,PERFECT SKIN SUNBLOCK TINTED,SACHET,, 140.00 , 235.00 ,,
OLP,HIKARI ULTRAWHITE SUNSCREEN,SACHET,, 150.00 , 235.00 ,,
OLP,HIKARI ULTRA CAPSULES 60'S,BOT,, 270.00 , 495.00 ,,
OLP,HABIBI SKIN ESSENTIAL SOAP,BAR,, 113.75 , 195.00 ,,
OLP,HABIBI MILKY PEELING SOAP,BAR,, 17.50 , 35.00 ,,
OLP,SKIN PERFECTION,SET,, 145.00 , 235.00 ,,
OLP,BRILLIANT SUNBLOCK 13G,PCK,, 70.00 , 145.00 ,,
OLP,PERFECT SKIN REJUV SET,SET,, 130.00 , 295.00 ,,
OLP,PERFECT SKIN SUNBLOCK 50G,PCK,, 130.00 , 275.00 ,,
OLP,FITGUM COLLAGEN W/ CHIA COFFEE 10'S,PCK,, 165.00 , 295.00 ,,
OLP,PERFECT SKIN SUNBLOCK PLUS GEL LIPTINT,PCK,, 125.00 , 275.00 ,,
OLP,PERFECT SKIN SUNBLOCK PLUS SERUM FOUNDATION LIGHT,PCK,, 125.00 , 275.00 ,,
OLP,PERFECT SKIN SUNBLOCK PLUS SERUM FOUNDATION FAIR,PCK,, 125.00 , 275.00 ,,
OLP,PERFECT SKIN SUNBLOCK PLUS SERUM FOUNDATION MEDLIGHT,PCK,,125,275,,
,,,,,,,
,,,,,,,
,OTHER BEAUTY -LGD REALMS,,,,,,
OLP,REALMS OATMEAL SOAP,BAR,, 180.00 , 180.00 ,10,1/26/26
OLP,REALMS GINGER SOAP,BAR,, 180.00 , 180.00 ,9,1/26/26
OLP,REALMS COFFEE SOAP,BAR,, 180.00 , 180.00 ,9,1/26/26
OLP,REALMS SUNFLOWER SOAP,BAR,, 125.00 , 125.00 ,9,3/1/26
OLP,REALMS CHARCOAL SOAP,BAR,, 180.00 , 180.00 ,5,2/1/27
OLP,REALMS SUNSCREEN GEL,BOT,, 220.00 , 220.00 ,6,5/1/27
OLP,REALMS SUNBLOCK FACE CREAM,BOT,, 180.00 , 180.00 ,3,5/1/26
OLP,REALMS ACTIV SUNSCREEN TINT,BOT,, 350.00 , 350.00 ,10,2/1/27
OLP,REALMS 24K GOLD SERUM,BOT,, 450.00 , 450.00 ,22,2/1/27
OLP,REALMS VIT C SERUM,BOT,, 325.00 , 325.00 ,5,2/1/27
OLP,REALMS EYE SERUM,BOT,, 425.00 , 425.00 ,20,5/1/27
OLP,REALMS FACIAL WASH GOLD,BOT,, 325.00 , 325.00 ,9,6/1/27
OLP,REALMS FACIAL WASH CLEANSER,BOT,, 275.00 , 275.00 ,7,3/1/26
OLP,REALMS GOLD TONER,BOT,, 380.00 , 380.00 ,12,1/26/26
OLP,REALMS DAILY BRIGHTENING LOTION,BOT,, 475.00 , 475.00 ,9,2/1/27
OLP,REALMS TONIC MIST,BOT,, 220.00 , 220.00 ,31,NO EXPIRY
OLP,REALMS SHAMPOO,BOT,, 350.00 , 350.00 ,4,4/1/26
OLP,REALMS CONDITIONER,BOT,, 350.00 , 350.00 ,3,4/1/26
OLP,REALMS RETINOL 30G SERUM,BOT,,325,325,12,3/1/26
,,,,,,,
,,,,,,,
,LOCAL-LGD,,,,,,
OLP-LGD,THEOBROMA KETOKLENZ MIX,BOT,, 399.00 , 399.00 ,,
OLP-LGD,IMMU KING POSTBIOTIC CAPSULE 60'S,BOT,," 4,800.00 "," 4,800.00 ",,
OLP-LGD,SMH GINGER RUB,BOT,, 125.00 , 125.00 ,,
OLP-LGD,SMH KAPE NATIN,BOX,, 290.00 , 290.00 ,,
OLP-LGD,SMH IYASHI ESSENTIAL SPRAY 10ML,BOT,, 200.00 , 200.00 ,,
OLP-LGD,SMH MG GINGER OIL 100ML,BOT,, 400.00 , 400.00 ,,
OLP-LGD,SMH MG VITMIN JUICE,BOT,, 350.00 , 350.00 ,,
OLP-LGD,SMH ORANGE RUB,BOT,, 150.00 , 150.00 ,,
OLP-LGD,SMH POWER MG PLUS 60S CAPSULE,BOT,, 795.00 , 795.00 ,1,5/1/26
OLP-LGD,SMH VITPLUS CAPSULE,BOT,,290,290,1,
,,,,,,,
,LOCAL-VH,,,,,,
OLP,V-LIFE VITALHERBS 30'S,BOT,, 225.00 , 395.00 ,2,11/1/27
OLP,V-LIFE SLIM POWER 30'S,BOT,, 253.00 , 395.00 ,,
OLP,V-LIFE GLUTA COLLAGEN 60'S,BOT,,242,595,,
,,,,,,,
,CH MIPIACI-LGD,,,,,,
MIPIACI,MIPIACI ORGANIC OAT POWDER 200G,PACK,, 300.00 , 650.00 ,,
MIPIACI,MIPIACI ORGANIC GOLDEN RATIO GREEN POWDER,PACK,, 400.00 , 800.00 ,1,11/25/26
MIPIACI,MIPIACI PREMIUM PURE MATCHA POWDER 50G,PACK,, 120.00 , 250.00 ,,
MIPIACI,MIPIACI ORGANIC SPIRULINA POWDER 100G,PACK,, 300.00 , 500.00 ,,
MIPIACI,MIPIACI ORGANIC CHLORELLA POWDER 100G,PACK,, 230.00 , 500.00 ,2,11/25/26
MIPIACI,MIPIACI GREEN BARLEY GRASS POWDER 30'S,BOX,, 300.00 , 650.00 ,,
MIPIACI,MIPIACI UFT PLUS PANTYLINER 20'S,PACK,, 70.00 , 130.00 ,5,6/1/27
MIPIACI,MIPIACI UFT PLUS PANTYLINER 20'S PC,PC,20, 3.50 , 8.00 ,,
MIPIACI,PROTOP CREAM 10G,TUBE,, 40.00 , 90.00 ,,
MIPIACI,MIPIACI SPIRULINA 1000S,BOT,, 300.00 ," 1,500.00 ",,
MIPIACI,MIPIACI SPIRULINA 1000S PC,PC,1000, 0.30 , 5.00 ,,
MIPIACI,MIPIACI ORGANIC WHEAT POWDER 200G,PACK,, 300.00 , 650.00 ,,
MIPIACI,MIPIACI ORGANIC BALSAM PEAR POWDER 200G,PACK,, 300.00 , 650.00 ,3,1/26/26
MIPIACI,MIPIACI ORGANIC ALFALFA POWDER 200G,PACK,, 300.00 , 650.00 ,,
MIPIACI,MIPIACI ORGANIC KALE POWDER 200G,PACK,, 300.00 , 650.00 ,1,1/26/26
MIPIACI,MIPIACI ORGANIC BUCKWHEAT POWDER 200G,PACK,,300,650,,
,,,,,,,
,,,,,,,
,,,,,,,
,,,,,,,
,PAGKABUHAY,,,,,,
OLP,SAMPAGUITA OIL SMALL 25ML,BOT,, 35.00 , 50.00 ,,
OLP,MENTHOL OIL SMALL 25ML,BOT,, 35.00 , 50.00 ,,
OLP,EUCALYPTUS OIL SMALL 25ML,BOT,, 35.00 , 60.00 ,,
OLP,LUYA OIL SMALL 25ML,BOT,, 35.00 , 60.00 ,,
OLP,E.H HERBAL HEALING OIL ORANGE 50ML,BOT,, 70.00 , 100.00 ,,
OLP,E.H HERBAL HEALING OIL CITRONELLA 50ML,BOT,, 70.00 , 100.00 ,,
OLP,E.H CITRONELLA W/ MENTHOL 100ML,BOT,, 210.00 , 300.00 ,,
OLP,E.H CITRONELLA W/ EUCALYPTUS 100ML,BOT,, 210.00 , 300.00 ,,
OLP,E.H CITRONELLA W/ LAVANDER 100ML,BOT,,210,300,,
,,,,,,,
,CONSIGNMENT,,,,,,
CON,15 IN 1 LIPO GLUTHA COFFEE 150G,BOT,,, 250.00 ,,
CON,15 IN 1 LIPO GLUTHA ICED TEA 150G,BOT,,, 280.00 ,,
CON,15 IN 1 LIPO GLUTHA RED ICED TEA 150G,BOT,,, 250.00 ,,
CON,15 IN 1 LIPO GLUTHA RED ICED TEA 300G,BOT,,, 300.00 ,,
CON,BONNE PURE BARLEY CHOCO FLAVOR 200GRAMS,BOT,,, 310.00 ,,
CON,GAIN MASS SERIOUS 5LBS,BOT,,," 2,850.00 ",,
CON,GARCINIA CAMBOGUIA WITH MAX 30S ,BOT,,," 1,350.00 ",,
CON,L-CARNITINE COFFE 300G,BOT,,, 795.00 ,,
CON,PCOS EVENING PRIMROSE W/ AVOCADO SOFTGEL 100'S,BOT,,," 1,100.00 ",,
CON,PCOS EVENING PRIMROSE W/ AVOCADO SOFTGEL 30'S,BOT,,, 600.00 ,,
CON,SAW PALMETTO PROSTATE MAX 100'S,BOT,,, 895.00 ,,
CON,SAW PALMETTO PROSTATE MAX 30'S,BOT,,, 495.00 ,,
CON,WHEY PROTEIN RIPPED 1.3LBS,BOT,,," 1,395.00 ",,
CON,WHEY PROTEIN RIPPED 5LBS,BOT,,,2850,,
,,,,,,,
CON-LGV,DR HERBS AQUAMINT FRESH POMELO OIL,BOT,,, 150.00 ,23,1/26/26
CON-LGV,DR HERBS AQUAMINT FRESH ORANGE OIL,BOT,,, 150.00 ,4,5/24/26
CON-LGV,HERBARIUM NATURAL ROLL-ON GREEN TEA ,BOT,,, 195.00 ,,
CON-LGV,HERBARIUM ORGANIC OIL PEPPERMINT 60ML,BOT,,, 150.00 ,,
CON-LGV,HERBARIUM BALM LAVANDER VIOLET,BOT,,, 150.00 ,3,2/26/26
CON-LGV,HERBARIUM BALM POMELO PINK,BOT,,, 150.00 ,16,2/26/26
CON-LGV,HERBARIUM BALM TURMERIC YELLOW,BOT,,, 150.00 ,,
CON-LGV,HERBARIUM BALM PEPPERMINT BLUE,BOT,,, 150.00 ,9,2/26/26
CON-LGV,HERBARIUM FRES POMELO MENTHOIL OIL,BOT,,, 150.00 ,3,1/26/26
CON-LGV,HERBARIUM BALM EUCALYPTUS,BOT,,, 150.00 ,,
CON-LGV,HERBARIUM LAVANDER,BOT,,, 150.00 ,1,2/26/26
CON-LGV,HERBARIUM BALM PEPPERMINT,BOT,,, 150.00 ,,
CON-LGV,DR HERBS HERBAL HAPLAS OIL,BOT,,, 195.00 ,5,3/26/26
CON-LGV,HERBARIUM ORGANIC OIL EUCALYPTUS 60ML,BOT,,, 195.00 ,,
,,,,,,,
,,,,,,,
OLP LGD,BELLEVINE AMPALAYA CAPSULE 500MG 100S,BOT,, 75.00 , 280.00 ,,
OLP LGD,BELLEVINE ASHITABA CAPSULE 500MG 100S,BOT,, 75.00 , 280.00 ,1,9/27/26
OLP LGD,BELLEVINE ALINGATONG CAPSULE 500MG 100S,BOT,, 75.00 , 280.00 ,1,1/1/28
OLP LGD,BELLEVINE BANABA CAPSULE 500MG 100S,BOT,, 75.00 , 280.00 ,,
OLP LGD,BELLEVINE BARLEY CAPSULE 500MG 100S,BOT,, 75.00 , 280.00 ,1,1/1/28
OLP LGD,BELLEVINE GUYABANO CAPSULE 500MG 100S,BOT,, 75.00 , 280.00 ,,
OLP LGD,BELLEVINE MANGOSTEEN CAPSULE 500MG 100S,BOT,, 75.00 , 280.00 ,2,1/1/28
OLP LGD,BELLEVINE MALUNGGAY CAPSULE 500MG 100S,BOT,, 75.00 , 280.00 ,,
OLP LGD,BELLEVINE PARAGIS CAPSULE 500MG 100S,BOT,, 75.00 , 280.00 ,,
OLP LGD,BELLEVINE TURMERIC CAPSULE 500MG 100S,BOT,, 75.00 , 280.00 ,,
OLP LGD,BELLEVINE TAWA TAWA CAPSULE 500MG 100S,BOT,, 75.00 , 280.00 ,1,11/1/27
OLP LGD,BELLEVINE SPIRULINA CAPSULE 500MG 100S,BOT,, 75.00 , 280.00 ,,
OLP LGD,BELLEVINE SERPENTINA CAPSULE 500MG 100S,BOT,, 75.00 , 280.00 ,,
OLP LGD,DIVA ORGANIC BARLEY POWDER 50G,BOT,, 90.00 , 280.00 ,,
OLP LGD,BELLEVINE CRANBERRY CAPSULE 500MG 60S,BOT,, 90.00 , 280.00 ,,
OLP LGD,BELLEVINE INSULIN PLANTCAPSULE 500MG 100S,BOT,, 75.00 , 280.00 ,,
OLP LGD,BELLEVINE COLLAGEN CAPSULE 500MG 60S,BOT,, 90.00 , 280.00 ,2,12/1/27
OLP LGD,BELLEVINE GARCINIA CAMBOGIA CAPSULE 500MG 60S,BOT,,90, 280.00 ,1,7/1/27
,,,,,,,
,,,,,,,
,,,,,,,