Location,Description,Unit,Quantity,Unit Cost,Suggested Price,Total Value
THS - Gmall Davao,BUAH MERAH MIX,BOT,0.00,223.00,350.00,0
THS - Gmall Davao,BUAH MERAH MIX 15 IN 1,BOT,0.00,223.00,350.00,0
THS - Gmall Davao,MILK POWER LIGHTENING LOTION,BOT,0.00,140.00,300.00,0
THS - Gmall Davao,SALT REFILL 350G,PACK,0.00,68.00,130.00,0
THS - Gmall Davao,SPA MILK SALT 380G,BOT,0.00,83.13,155.00,0
THS - Gmall Davao,PINK NIPPLE CREAM 10.0G,TUBE,0.00,95.00,0.00,0
THS - Gmall Davao,ACNE MELASMA COQ10 (DARK PINK),BOX,0.00,18.75,30.00,0
THS - Gmall Davao,ACNE MELASMA CREAM 4G (PINK),BOX,0.00,16.67,30.00,0
THS - Gmall Davao,HERBAL FRUITY CREAM 4G (YELLOW),BOX,0.00,17.50,30.00,0
THS - Gmall Davao,PAPAYA EXTRACT CREAM,BOX,0.00,18.75,30.00,0
THS - Gmall Davao,W/ GINSENG PEARLS 4G (RED),BOX,0.00,18.75,30.00,0
THS - Gmall Davao,WHITENING CREAM 4G OTHERS (WHITE) IMPORTED,BOX,0.00,18.75,30.00,0
THS - Gmall Davao,WHITENING CREAM COENZYME Q10 4G (VIOLET),BOX,0.00,16.67,30.00,0
THS - Gmall Davao,CENTRUM PLAIN 365S,BOT,0.00,1.00,2.00,0
THS - Gmall Davao,CENTRUM PLAIN 365S PC,PC,0.00,3.84,10.00,0
THS - Gmall Davao,CENTRUM SILVER 325'S,BOT,0.00,1.00,3.00,0
THS - Gmall Davao,CENTRUM SILVER 325'S PC,PC,16.00,4.25,15.00,68
THS - Gmall Davao,CENTRUM PLAIN 425S,BOT,0.00,1.00,2.00,0
THS - Gmall Davao,CENTRUM PLAIN 425S PC,PC,0.00,3.88,12.00,0
THS - Gmall Davao,IMPEOUS MAN 10S,BOT,0.00,70.00,500.00,0
THS - Gmall Davao,IMPEOUS MAN 10S PC,PC,4.00,7.00,50.00,28
THS - Gmall Davao,ACTIVE WHITE L- GLUTATHIONE 1000MG W/ C 60S,BOX,0.00,80.00,500.00,0
THS - Gmall Davao,ACTIVE WHITE L- GLUTATHIONE 1000MG W/ C 60S  PC,PC,0.00,1.33,10.00,0
THS - Gmall Davao,ALASKA GARLIC 200S,BOT,10.00,85.00,330.00,850
THS - Gmall Davao,ALASKA GARLIC 200S PC,PC,0.00,0.43,3.00,0
THS - Gmall Davao,ALASKA GARLIC 500S,BOT,4.00,145.00,795.00,580
THS - Gmall Davao,ALASKA GARLIC 500S  PC,PC,534.00,0.29,3.00,154.85999999999999
THS - Gmall Davao,ANCOM 10s,BOT,0.00,70.00,125.00,0
THS - Gmall Davao,ANCOM 10s PC,PC,0.00,7.00,12.00,0
THS - Gmall Davao,ANXIN 100S,BOT,0.00,70.00,90.00,0
THS - Gmall Davao,BAINETING 15ML,BOT,0.00,80.00,110.00,0
THS - Gmall Davao,BETET,BOX,16.00,35.00,58.00,560
THS - Gmall Davao,BEVIDAN 50S,BOT,0.00,120.00,150.00,0
THS - Gmall Davao,BEVIDAN 60S,BOT,0.00,150.00,230.00,0
THS - Gmall Davao,BL OINTMENT 7G,TUBE,1.00,30.31,40.00,30.31
THS - Gmall Davao,BL OINTMENT 10G,TUBE,0.00,35.01,70.00,0
THS - Gmall Davao,BL SOAP,BAR,0.00,33.00,80.00,0
THS - Gmall Davao,BUTIAO 100S PINK,BOT,0.00,160.00,250.00,0
THS - Gmall Davao,DIABETESE PILLS 120S,BOT,0.00,169.38,290.00,0
THS - Gmall Davao,EVENING PRIMROSE OIL 500MG 50S,BOT,4.00,145.00,255.00,580
THS - Gmall Davao,EVENING PRIMROSE OIL 500MG 50S PC,PC,0.00,2.90,6.00,0
THS - Gmall Davao,EYE BRIGHTENE PILL 60S,BOT,0.00,182.50,295.00,0
THS - Gmall Davao,FLOUCINONIDE OINTMENT 50s,TUBE,39.00,29.00,40.00,1131
THS - Gmall Davao,FUCHINGSUNG-N CREAM,TUBE,77.00,30.00,45.00,2310
THS - Gmall Davao,GREEN TEA 100s,BOX,0.00,260.00,385.00,0
THS - Gmall Davao,GREEN TEA 100s PC,PC,0.00,2.60,5.00,0
THS - Gmall Davao,GREEN TEA 20S,BOX,0.00,66.88,100.00,0
THS - Gmall Davao,GREEN TEA 20S PC,PC,0.00,3.34,8.00,0
THS - Gmall Davao,GROWTH FACILITATION BOY 100S,BOT,0.00,360.00,600.00,0
THS - Gmall Davao,GROWTH FACILITATION BOY 100S PC,PC,0.00,3.60,7.00,0
THS - Gmall Davao,GROWTH FACILITATION GIRL 100S,BOT,0.00,355.00,550.00,0
THS - Gmall Davao,GROWTH FACILITATION GIRL 100S PC,PC,0.00,3.55,7.00,0
THS - Gmall Davao,HAIODINE 50S,BOT,0.00,90.00,170.00,0
THS - Gmall Davao,HEALTH SOURCE COD LIVER OIL CAPSULE 500S,BOT,4.00,192.50,300.00,770
THS - Gmall Davao,HEALTH SOURCE FISH OIL ORANGE LIQUID,BOT,0.00,170.00,255.00,0
THS - Gmall Davao,HEALTHY BRAIN PILLS 300S,BOT,2.00,229.69,290.00,459.38
THS - Gmall Davao,JADE CRANES INHALER BIG,BOX,52.00,100.00,155.00,5200
THS - Gmall Davao,JADE CRANES INHALER SMALL,BOX,19.00,35.00,75.00,665
THS - Gmall Davao,KANGYAN 100S,BOT,0.00,75.00,120.00,0
THS - Gmall Davao,KATINKO OINTMENT BIG,BOX,6.00,69.17,90.00,415.02
THS - Gmall Davao,KATINKO OINTMENT SMALL,BOX,0.00,35.00,55.00,0
THS - Gmall Davao,KIDNEY WASH CAPSULES 60'S,BOT,3.00,250.00,350.00,750
THS - Gmall Davao,KIDNEY WASH CAPSULES 60'S PC,PC,0.00,4.17,6.00,0
THS - Gmall Davao,KOREAN GINSENG TEA 300G 100S,BOX,0.00,280.00,600.00,0
THS - Gmall Davao,KOREAN GINSENG TEA 300G 100S PC,PC,0.00,0.93,10.00,0
THS - Gmall Davao,KOREAN RED GINSENG CAPSULE 100S,BOT,0.00,400.00,750.00,0
THS - Gmall Davao,KOREAN RED GINSENG CAPSULE 100S PC,PC,0.00,4.00,8.00,0
THS - Gmall Davao,KOREAN RED GINSENG EXTRACT CAPSULE 120S,BOT,0.00,1.00,3.00,0
THS - Gmall Davao,KOREAN RED GINSENG EXTRACT CAPSULE 120S PC,PC,0.00,15.00,32.00,0
THS - Gmall Davao,LIDAN TABLETS 120S,BOT,0.00,222.50,345.00,0
THS - Gmall Davao,LIVER AID 100S,BOT,0.00,140.00,340.00,0
THS - Gmall Davao,L-MENTHOL PO HO PING INHALER BIG,BOX,7.00,150.00,250.00,1050
THS - Gmall Davao,L-MENTHOL PO HO PING INHALER SMALL,BOX,21.00,60.00,90.00,1260
THS - Gmall Davao,MAXMAN CAPSULE 12'S,BOT,0.00,100.00,600.00,0
THS - Gmall Davao,MAXMAN CAPSULE 12'S PC,PC,0.00,8.33,50.00,0
THS - Gmall Davao,MAXMAN TABLET 10'S,CAN,0.00,90.00,500.00,0
THS - Gmall Davao,MAXMAN TABLET 10'S PC,PC,0.00,9.00,50.00,0
THS - Gmall Davao,MAGNA RX 10S (WHITE),BOT,0.00,180.00,375.00,0
THS - Gmall Davao,MAGNA RX 10S (WHITE) PC,PC,0.00,18.00,38.00,0
THS - Gmall Davao,MEMORY BRAIN TONIC 100S,BOT,0.00,220.00,320.00,0
THS - Gmall Davao,MENA CREAM BLUE,BOX,8.00,23.62,30.00,188.96
THS - Gmall Davao,MENA FACIAL CREAM,BOX,16.00,20.00,40.00,320
THS - Gmall Davao,MENA FACIAL CREAM STICK 4.5GM,STICK,0.00,35.00,50.00,0
THS - Gmall Davao,OLDELANDIA 60S,BOT,7.00,117.50,245.00,822.5
THS - Gmall Davao,OSEUR CREAM,BOX,0.00,18.33,35.00,0
THS - Gmall Davao,PANAX GINSENG EXTRACTUM 30S,BOT,3.00,130.00,195.00,390
THS - Gmall Davao,PE MIN KAN WAN,BOT,0.00,120.00,175.00,0
THS - Gmall Davao,PEI PA KOA 150ML,BOT,0.00,195.00,320.00,0
THS - Gmall Davao,PEI PA KOA 300ML,BOT,5.00,350.00,595.00,1750
THS - Gmall Davao,PEI PA KOA 75ML,BOT,2.00,155.02,260.00,310.04
THS - Gmall Davao,PEI PA KOA CANDY 24S,PACK,9.00,102.51,120.00,922.59
THS - Gmall Davao,PEI PA KOA CANDY 24S PC,PC,0.00,4.27,6.00,0
THS - Gmall Davao,PEI PA KOA CANDY 24S (FAT&THIN),PACK,0.00,82.50,145.00,0
THS - Gmall Davao,PHOSDOC BRAIN TONIC 150ML.,BOT,11.00,190.00,260.00,2090
THS - Gmall Davao,PIYEN CHIN 10ML 50S,BOT,17.00,15.00,30.00,255
THS - Gmall Davao,RAPID SLIM 12'S,BOX,0.00,180.00,395.00,0
THS - Gmall Davao,GLUTHATHIONE 2-IN-1 SOAP,BAR,0.00,90.00,195.00,0
THS - Gmall Davao,RENOW-D FACIAL CREAM BIG,BOX,0.00,35.00,65.00,0
THS - Gmall Davao,RENOW-D FACIAL CREAM SMALL,BOX,0.00,25.00,40.00,0
THS - Gmall Davao,RHEUMATON CAPSULE 30S,BOT,0.00,200.00,295.00,0
THS - Gmall Davao,SHILINGTONG 100S,BOT,0.00,96.25,120.00,0
THS - Gmall Davao,SHIU DUO WAN,BOT,0.00,150.00,210.00,0
THS - Gmall Davao,SHOU WU PIAN,BOT,0.00,135.63,225.00,0
THS - Gmall Davao,SKIN FIGHTER CREAM,TUBE,58.00,60.00,90.00,3480
THS - Gmall Davao,SKIN HELP 10G,BOX,0.00,100.00,170.00,0
THS - Gmall Davao,SLAKING THIRST (DIABETES PILLS) 50'S,BOT,0.00,150.00,295.00,0
THS - Gmall Davao,SNAKE BONE 12S,BOT,0.00,240.00,395.00,0
THS - Gmall Davao,SNAKE BONE 12S PC,PC,0.00,20.00,33.00,0
THS - Gmall Davao,SNAKE BONE 20S,BOT,0.00,250.00,395.00,0
THS - Gmall Davao,SNAKE BONE 20S PC,PC,0.00,12.50,20.00,0
THS - Gmall Davao,STONE REPELLENT 50S,BOT,0.00,255.00,350.00,0
THS - Gmall Davao,THYROID GLAND CARE 50S,BOT,3.00,225.00,285.00,675
THS - Gmall Davao,THYROID GLAND CARE 36S (GOLDEN DRAGON),BOT,0.00,180.00,275.00,0
THS - Gmall Davao,TONG LIN  90S,BOT,0.00,170.00,295.00,0
THS - Gmall Davao,TOP GEL CREAM SMALL,BOX,2.00,60.00,95.00,120
THS - Gmall Davao,TOP GEL SOAP,BOT,0.00,60.00,100.00,0
THS - Gmall Davao,TOPGEL W/ GINSENG,BOX,0.00,133.00,195.00,0
THS - Gmall Davao,TOPGEL W/ VIT E,BOX,0.00,112.00,180.00,0
THS - Gmall Davao,TORO CUPS 6'S,BOT,0.00,35.00,250.00,0
THS - Gmall Davao,TORO CUPS 6'S PC,PC,0.00,5.83,50.00,0
THS - Gmall Davao,TUNG SHEU PILLS ( COWS HEAD),BOT,12.00,216.00,345.00,2592
THS - Gmall Davao,VIGOROUS - RED CATTLE 15'S,BOT,0.00,70.00,250.00,0
THS - Gmall Davao,VIGOROUS - RED CATTLE 15'S PC,PC,0.00,4.67,30.00,0
THS - Gmall Davao,VIGOROUS - YELLOW 9s,BOT,0.00,60.00,250.00,0
THS - Gmall Davao,VIGOROUS - YELLOW 9s PC,PC,0.00,6.67,30.00,0
THS - Gmall Davao,XINMAINING PIAN SUMALIN 100S,BOT,0.00,90.00,180.00,0
THS - Gmall Davao,YING DA WANG 6S,BOT,25.00,30.03,150.00,750.75
THS - Gmall Davao,YING DA WANG 6S PC,PC,0.00,5.00,50.00,0
THS - Gmall Davao,HAPPY KING 12S,BOT,0.00,80.00,600.00,0
THS - Gmall Davao,HAPPY KING 12S PC,PC,0.00,6.67,50.00,0
THS - Gmall Davao,MIPIACI ORGANIC BARLEY POWDER 200G,BOT,5.00,300.00,650.00,1500
THS - Gmall Davao,ALASKA FISH OIL 100S,BOT,19.00,80.00,395.00,1520
THS - Gmall Davao,ALASKA FISH OIL 100S PC,PC,0.00,0.80,4.00,0
THS - Gmall Davao,BIOFITEA,BOT,6.00,146.25,250.00,877.5
THS - Gmall Davao,BIOFITEA PC,PC,0.00,4.88,10.00,0
THS - Gmall Davao,ANTI CANCERLIN,BOT,0.00,200.00,345.00,0
THS - Gmall Davao,GUYABANO CAPSULE 50GM 100'S,BOX,0.00,80.00,245.00,0
THS - Gmall Davao,KASOY OIL 60ML,BOT,0.00,30.00,100.00,0
THS - Gmall Davao,DXN,BOX,0.00,550.00,900.00,0
THS - Gmall Davao,DXN 20 PC,PC,0.00,27.50,55.00,0
THS - Gmall Davao,SERPENTINA 50GMS CAPSULE 100'S,BOT,12.00,80.00,195.00,960
THS - Gmall Davao,SERPENTINA 50GMS CAPSULE 100'S PC,PC,0.00,0.80,3.00,0
THS - Gmall Davao,SAMBONG CAPSULE 50GM 100'S,BOT,4.00,80.00,245.00,320
THS - Gmall Davao,BIGUERLAI LAXATIVE TEA 2G 25S,BOX,0.00,150.00,295.00,0
THS - Gmall Davao,BIGUERLAI LAXATIVE TEA 2G 25S PC,PC,0.00,6.00,15.00,0
THS - Gmall Davao,ROYAL JELLY 30S (DK),BOT,0.00,300.00,495.00,0
THS - Gmall Davao,PARAGIS CAPSULE 50GM 100'S,BOT,4.00,80.00,150.00,320
THS - Gmall Davao,QING TIAN ZHU/POTALA 4S,BOX,0.00,90.00,150.00,0
THS - Gmall Davao,MRI CMD TRACE MINERAL DROPS 30 ML,BOT,0.00,564.00,750.00,0
THS - Gmall Davao,MRI CMD TRACE MINERAL DROPS 60 ML,BOT,0.00,924.00,1.00,0
THS - Gmall Davao,MRI CMD TRACE MINERAL DROPS 15 ML,BOT,5.00,241.00,350.00,1205
THS - Gmall Davao,15 IN 1 LIPO GLUTHA COFFEE 150G,BOT,0.00,0.00,250.00,0
THS - Gmall Davao,15 IN 1 LIPO GLUTHA ICED TEA 150G,BOT,0.00,0.00,280.00,0
THS - Gmall Davao,15 IN 1 LIPO GLUTHA RED ICED TEA 150G,BOT,0.00,0.00,250.00,0
THS - Gmall Davao,15 IN 1 LIPO GLUTHA RED ICED TEA 300G,BOT,0.00,0.00,300.00,0
THS - Gmall Davao,BONNE PURE BARLEY CHOCO FLAVOR 200GRAMS,BOT,0.00,0.00,310.00,0
THS - Gmall Davao,GAIN MASS SERIOUS 5LBS,BOT,0.00,0.00,2.00,0
THS - Gmall Davao,GARCINIA CAMBOGUIA WITH MAX 30S,BOT,0.00,0.00,1.00,0
THS - Gmall Davao,L-CARNITINE COFFE 300G,BOT,0.00,0.00,795.00,0
THS - Gmall Davao,PCOS EVENING PRIMROSE W/ AVOCADO SOFTGEL 100'S,BOT,0.00,0.00,1.00,0
THS - Gmall Davao,PCOS EVENING PRIMROSE W/ AVOCADO SOFTGEL 30'S,BOT,0.00,0.00,600.00,0
THS - Gmall Davao,SAW PALMETTO PROSTATE MAX 100'S,BOT,0.00,0.00,895.00,0
THS - Gmall Davao,SAW PALMETTO PROSTATE MAX 30'S,BOT,0.00,0.00,495.00,0
THS - Gmall Davao,WHEY PROTEIN RIPPED 1.3LBS,BOT,0.00,0.00,1.00,0
THS - Gmall Davao,WHEY PROTEIN RIPPED 5LBS,BOT,0.00,0.00,2850.00,0
THS - Gmall Davao,DR HERBS AQUAMINT FRESH POMELO OIL,BOT,23.00,0.00,150.00,0
THS - Gmall Davao,DR HERBS AQUAMINT FRESH ORANGE OIL,BOT,4.00,0.00,150.00,0
THS - Gmall Davao,HERBARIUM NATURAL ROLL-ON GREEN TEA,BOT,0.00,0.00,195.00,0
THS - Gmall Davao,HERBARIUM ORGANIC OIL PEPPERMINT 60ML,BOT,0.00,0.00,150.00,0
THS - Gmall Davao,HERBARIUM BALM LAVANDER VIOLET,BOT,3.00,0.00,150.00,0
THS - Gmall Davao,HERBARIUM BALM POMELO PINK,BOT,16.00,0.00,150.00,0
THS - Gmall Davao,HERBARIUM BALM TURMERIC YELLOW,BOT,0.00,0.00,150.00,0
THS - Gmall Davao,HERBARIUM BALM PEPPERMINT BLUE,BOT,9.00,0.00,150.00,0
THS - Gmall Davao,HERBARIUM FRES POMELO MENTHOIL OIL,BOT,3.00,0.00,150.00,0
THS - Gmall Davao,HERBARIUM BALM EUCALYPTUS,BOT,0.00,0.00,150.00,0
THS - Gmall Davao,HERBARIUM LAVANDER,BOT,1.00,0.00,150.00,0
THS - Gmall Davao,HERBARIUM BALM PEPPERMINT,BOT,0.00,0.00,150.00,0
THS - Gmall Davao,DR HERBS HERBAL HAPLAS OIL,BOT,5.00,0.00,195.00,0
THS - Gmall Davao,HERBARIUM ORGANIC OIL EUCALYPTUS 60ML,BOT,0.00,0.00,195.00,0
THS - Gmall Davao,FERN D 60'S,BOT,0.00,580.00,820.00,0
THS - Gmall Davao,FERN D 120'S,BOT,0.00,940.00,1.00,0
THS - Gmall Davao,FERN D 120'S PC,PC,0.00,7.83,15.00,0
THS - Gmall Davao,HPI- KIDNEY CLEANSE 60'S,BOT,0.00,1.00,1.00,0
THS - Gmall Davao,HPI-KIDNEY CLEANSE 60'S PC,PC,0.00,18.33,33.00,0
THS - Gmall Davao,HPI SUPER COLON CLEANSE 240S,BOT,0.00,1.00,2.00,0
THS - Gmall Davao,HPI SUPER COLON CLEANSE 240S PC,PC,0.00,5.63,14.00,0
THS - Gmall Davao,HPI-LIVER DETOX 60'S,BOT,0.00,1.00,1.00,0
THS - Gmall Davao,HPI-LIVER DETOX 60'S PC,PC,0.00,20.00,40.00,0
THS - Gmall Davao,HPI PSYLLIUM HUSH 24 OZ,BOT,0.00,950.00,1.00,0
THS - Gmall Davao,C 500 MG 500S,BOT,2.00,935.00,2.00,1870
THS - Gmall Davao,C 500 MG 500S PC,PC,479.00,1.87,5.00,895.73
THS - Gmall Davao,C 1000 MG 500S,BOT,7.00,1.00,2.00,7
THS - Gmall Davao,C 1000 MG 500S PC,PC,565.00,2.20,7.00,1243
THS - Gmall Davao,CALCIUM 600MG+D3 500S,BOT,5.00,720.31,1.00,3601.5499999999997
THS - Gmall Davao,CALCIUM 600MG+D3 500S PC,PC,16.00,1.44,6.00,23.04
THS - Gmall Davao,CALCIUM CITRATE MAGNESIUM & ZINC 500S,BOT,7.00,890.25,2.00,6231.75
THS - Gmall Davao,CALCIUM CITRATE MAGNESIUM & ZINC 500S PC,PC,168.00,1.78,6.00,299.04
THS - Gmall Davao,DAILY MULTI VITAMINS (ADULT) 400S,BOT,0.00,850.00,1.00,0
THS - Gmall Davao,DAILY MULTI VITAMINS (ADULT) 400S PC,PC,284.00,2.13,7.00,604.92
THS - Gmall Davao,DAILY MULTI VITAMINS (PLAIN) 500S,BOT,1.00,1.00,2.00,1
THS - Gmall Davao,DAILY MULTI VITAMINS (PLAIN) 500S PC,PC,4.00,2.67,6.00,10.68
THS - Gmall Davao,E 400 IU 500S,BOT,6.00,884.17,1.00,5305.0199999999995
THS - Gmall Davao,E 400 IU 500S PC,PC,437.00,1.77,5.00,773.49
THS - Gmall Davao,FISH OIL CONCENTRATE 1000MG 400S,BOT,6.00,1.00,2.00,6
THS - Gmall Davao,FISH OIL CONCENTRATE 1000MG 400S PC,PC,266.00,3.43,8.00,912.38
THS - Gmall Davao,GLUCOSAMINE 1500MG/CHONDROITIN 1200MG 220'S TABLET,BOT,0.00,1.00,2.00,0
THS - Gmall Davao,GLUCOSAMINE 1500MG/CHONDROITIN 1200MG 220'S TABLET PC,PC,0.00,6.27,15.00,0
THS - Gmall Davao,GLUCOSAMINE 1500MG/CHONDROITIN 1200MG 280'S TABLET,BOT,2.00,1.00,2.00,2
THS - Gmall Davao,GLUCOSAMINE 1500MG/CHONDROITIN 1200MG 280'S TABLET PC,PC,383.00,5.11,15.00,1957.13
THS - Gmall Davao,GLUCOSAMINE HCI 1500MG W/ MSM 1500MG 375S,BOT,1.00,1.00,2.00,1
THS - Gmall Davao,GLUCOSAMINE HCI 1500MG W/ MSM 1500MG 375S PC,PC,565.00,2.81,8.00,1587.65
THS - Gmall Davao,VITAMIN D3 2000 IU 600'S,BOT,1.00,747.51,2.00,747.51
THS - Gmall Davao,VITAMIN D3 2000 IU 600'S PC,PC,499.00,1.25,7.00,623.75
THS - Gmall Davao,SUPER B COMPLEX 500'S,BOT,0.00,1.00,2.00,0
THS - Gmall Davao,SUPER B COMPLEX 500'S PC,PC,228.00,2.02,7.00,460.56
THS - Gmall Davao,COQ10 300MG 100'S,BOT,0.00,1.00,2.00,0
THS - Gmall Davao,COQ10 300MG 100'S PC,PC,0.00,14.00,30.00,0
THS - Gmall Davao,WILD ALASKAN FISH OIL 230'S,BOT,0.00,1.00,2.00,0
THS - Gmall Davao,WILD ALASKAN FISH OIL 230'S PC,PC,19.00,6.96,15.00,132.24
THS - Gmall Davao,KRILL OIL 500MG 160'S,BOT,0.00,1.00,2.00,0
THS - Gmall Davao,KRILL OIL 500MG 160'S PC,PC,0.00,10.31,0.00,0
THS - Gmall Davao,LACTO BACILLUS PLANTARUM 1000 ML,BOT,0.00,330.00,450.00,0
THS - Gmall Davao,LACTO BACILLUS PLANTARUM 500 ML,BOT,0.00,180.00,270.00,0
THS - Gmall Davao,HAIRBAC SUPERGRO 150ML,BOT,2.00,320.00,550.00,640
THS - Gmall Davao,KINGS HERBAL 1000ML,BOT,13.00,620.83,1.00,8070.790000000001
THS - Gmall Davao,SQUALENE 100S CAPS ISSHO GENKI - OTHERS,BOX,0.00,493.75,1.00,0
THS - Gmall Davao,SQUALENE 100S CAPS ISSHO GENKI - OTHERS PC,PC,0.00,4.94,10.00,0
THS - Gmall Davao,TURMERIC INSTANT TEA 200G 12 IN 1,PACK,0.00,160.00,260.00,0
THS - Gmall Davao,TURMERIC INSTANT TEA 400G 12 IN 1,PACK,3.00,280.00,450.00,840
THS - Gmall Davao,PROVIMIN 200MG 150S,BOX,0.00,310.00,575.00,0
THS - Gmall Davao,PROVIMIN 200MG 150S PC,PC,0.00,2.07,5.00,0
THS - Gmall Davao,MIPIACI ORGANIC OAT POWDER 200G,PACK,0.00,300.00,650.00,0
THS - Gmall Davao,MIPIACI ORGANIC GOLDEN RATIO GREEN POWDER,PACK,1.00,400.00,800.00,400
THS - Gmall Davao,MIPIACI PREMIUM PURE MATCHA POWDER 50G,PACK,0.00,120.00,250.00,0
THS - Gmall Davao,MIPIACI ORGANIC SPIRULINA POWDER 100G,PACK,0.00,300.00,500.00,0
THS - Gmall Davao,MIPIACI ORGANIC CHLORELLA POWDER 100G,PACK,2.00,230.00,500.00,460
THS - Gmall Davao,MIPIACI GREEN BARLEY GRASS POWDER 30'S,BOX,0.00,300.00,650.00,0
THS - Gmall Davao,MIPIACI UFT PLUS PANTYLINER 20'S,PACK,5.00,70.00,130.00,350
THS - Gmall Davao,MIPIACI UFT PLUS PANTYLINER 20'S PC,PC,0.00,3.50,8.00,0
THS - Gmall Davao,PROTOP CREAM 10G,TUBE,0.00,40.00,90.00,0
THS - Gmall Davao,MIPIACI SPIRULINA 1000S,BOT,0.00,300.00,1.00,0
THS - Gmall Davao,MIPIACI SPIRULINA 1000S PC,PC,0.00,0.30,5.00,0
THS - Gmall Davao,MIPIACI ORGANIC WHEAT POWDER 200G,PACK,0.00,300.00,650.00,0
THS - Gmall Davao,MIPIACI ORGANIC BALSAM PEAR POWDER 200G,PACK,3.00,300.00,650.00,900
THS - Gmall Davao,MIPIACI ORGANIC ALFALFA POWDER 200G,PACK,0.00,300.00,650.00,0
THS - Gmall Davao,MIPIACI ORGANIC KALE POWDER 200G,PACK,1.00,300.00,650.00,300
THS - Gmall Davao,MIPIACI ORGANIC BUCKWHEAT POWDER 200G,PACK,0.00,300.00,650.00,0
THS - Gmall Davao,NAMICA AMPALAYA TEA 20'S,BOX,0.00,55.00,150.00,0
THS - Gmall Davao,NAMICA AMPALAYA TEA 20'S PC,PC,0.00,2.75,5.00,0
THS - Gmall Davao,NAMICA GUYABANO TEA 20'S,BOX,0.00,65.00,130.00,0
THS - Gmall Davao,NAMICA MALUNGGAY TEA 20'S,BOX,3.00,55.00,150.00,165
THS - Gmall Davao,NAMICA MALUNGGAY TEA 20'S PC,PC,0.00,2.75,5.00,0
THS - Gmall Davao,NAMICA PITO-PITO HERBAL TEA 20'S,BOX,0.00,50.00,120.00,0
THS - Gmall Davao,NAMICA PITO-PITO HERBAL TEA 20'S PC,PC,0.00,2.50,7.00,0
THS - Gmall Davao,NAMICA SAMBONG TEA 20'S,BOX,2.00,50.00,120.00,100
THS - Gmall Davao,NAMICA SAMBONG TEA 20'S PC,PC,0.00,2.50,7.00,0
THS - Gmall Davao,BANABA PHIL. HERBAL TEA 20'S,BOX,3.00,50.00,120.00,150
THS - Gmall Davao,BANABA PHIL. HERBAL TEA 20'S PC,PC,0.00,2.50,7.00,0
THS - Gmall Davao,NATURE'S GIFT VIRGIN COCONUT OIL 330ML,BOT,0.00,125.00,215.00,0
THS - Gmall Davao,NATURE'S GIFT VIRGIN COCONUT OIL 1000ML,BOT,0.00,270.00,495.00,0
THS - Gmall Davao,SUPER B COMPLEX 460'S,BOT,0.00,1.00,2.00,0
THS - Gmall Davao,SUPER B COMPLEX 460'S PC,PC,0.00,2.80,8.00,0
THS - Gmall Davao,MAGNESSIUM 400MG 180s,BOT,0.00,1.00,2.00,0
THS - Gmall Davao,MAGNESSIUM 400MG 180s PC,PC,158.00,6.83,15.00,1079.14
THS - Gmall Davao,MAGNESSIUM CITRATE 250MG 180'S,BOT,0.00,1.00,2.00,0
THS - Gmall Davao,MAGNESSIUM CITRATE 250MG 180'S PC,PC,0.00,8.33,18.00,0
THS - Gmall Davao,FISH OIL 1200MG 200's,BOT,0.00,650.00,1.00,0
THS - Gmall Davao,FISH OIL 1200MG 200's PC,PC,0.00,3.25,10.00,0
THS - Gmall Davao,FISH OIL 1200MG 300's,BOT,2.00,1.00,2.00,2
THS - Gmall Davao,FISH OIL 1200MG 300's PC,PC,298.00,4.44,12.00,1323.1200000000001
THS - Gmall Davao,VITAMIN D3 1000IU 25MCG 650'S,BOT,0.00,1.00,2.00,0
THS - Gmall Davao,VITAMIN D3 1000IU 25MCG 650'S PC,PC,0.00,1.88,5.00,0
THS - Gmall Davao,SUPER C W/ VITAMIN D3 & ZINC 200'S,BOT,0.00,1.00,2.00,0
THS - Gmall Davao,SUPER C W/ VITAMIN D3 & ZINC 200'S PC,PC,0.00,5.25,13.00,0
THS - Gmall Davao,NM POTASSIUM GLUCONATE 100'S,BOT,0.00,381.50,995.00,0
THS - Gmall Davao,CAL/MAG/ZINC 300S TABS,BOT,0.00,900.00,1.00,0
THS - Gmall Davao,CAL/MAG/ZINC 300S TABS PC,PC,0.00,3.00,8.00,0
THS - Gmall Davao,HYDROXYCUT HARDCORE ELITE CAPS 100S,BOT,0.00,1.00,2.00,0
THS - Gmall Davao,HYDROXYCUT HARDCORE ELITE CAPS 100S PC,PC,0.00,11.50,32.00,0
THS - Gmall Davao,HYDROXYCUT HARDCORE SUPER ELITE CAPS 120S,BOT,0.00,1.00,3.00,0
THS - Gmall Davao,HYDROXYCUT HARDCORE SUPER ELITE CAPS 120S PC,PC,0.00,10.83,35.00,0
THS - Gmall Davao,BELLEVINE AMPALAYA CAPSULE 500MG 100S,BOT,0.00,75.00,280.00,0
THS - Gmall Davao,BELLEVINE ASHITABA CAPSULE 500MG 100S,BOT,1.00,75.00,280.00,75
THS - Gmall Davao,BELLEVINE ALINGATONG CAPSULE 500MG 100S,BOT,1.00,75.00,280.00,75
THS - Gmall Davao,BELLEVINE BANABA CAPSULE 500MG 100S,BOT,0.00,75.00,280.00,0
THS - Gmall Davao,BELLEVINE BARLEY CAPSULE 500MG 100S,BOT,1.00,75.00,280.00,75
THS - Gmall Davao,BELLEVINE GUYABANO CAPSULE 500MG 100S,BOT,0.00,75.00,280.00,0
THS - Gmall Davao,BELLEVINE MANGOSTEEN CAPSULE 500MG 100S,BOT,2.00,75.00,280.00,150
THS - Gmall Davao,BELLEVINE MALUNGGAY CAPSULE 500MG 100S,BOT,0.00,75.00,280.00,0
THS - Gmall Davao,BELLEVINE PARAGIS CAPSULE 500MG 100S,BOT,0.00,75.00,280.00,0
THS - Gmall Davao,BELLEVINE TURMERIC CAPSULE 500MG 100S,BOT,0.00,75.00,280.00,0
THS - Gmall Davao,BELLEVINE TAWA TAWA CAPSULE 500MG 100S,BOT,1.00,75.00,280.00,75
THS - Gmall Davao,BELLEVINE SPIRULINA CAPSULE 500MG 100S,BOT,0.00,75.00,280.00,0
THS - Gmall Davao,BELLEVINE SERPENTINA CAPSULE 500MG 100S,BOT,0.00,75.00,280.00,0
THS - Gmall Davao,DIVA ORGANIC BARLEY POWDER 50G,BOT,0.00,90.00,280.00,0
THS - Gmall Davao,BELLEVINE CRANBERRY CAPSULE 500MG 60S,BOT,0.00,90.00,280.00,0
THS - Gmall Davao,BELLEVINE INSULIN PLANTCAPSULE 500MG 100S,BOT,0.00,75.00,280.00,0
THS - Gmall Davao,BELLEVINE COLLAGEN CAPSULE 500MG 60S,BOT,2.00,90.00,280.00,180
THS - Gmall Davao,BELLEVINE GARCINIA CAMBOGIA CAPSULE 500MG 60S,BOT,1.00,90.00,280.00,90
THS - Gmall Davao,AMAZING BARLEY 10'S,BOX,7.00,550.00,1.00,3850
THS - Gmall Davao,AMAZING BARLEY 10'S PC,PC,0.00,55.00,105.00,0
THS - Gmall Davao,BARLEY GREEN POWDER 23G,BOT,16.00,270.82,495.00,4333.12
THS - Gmall Davao,BARLEY GREEN POWDER 25G PREMIUM,BOT,9.00,275.00,495.00,2475
THS - Gmall Davao,SANTE BARLEY 500MG CAPSULE 60'S,BOT,0.00,275.09,495.00,0
THS - Gmall Davao,SANTE BARLEY 500MG CAPSULE 60'S PC,PC,16.00,180.00,295.00,2880
THS - Gmall Davao,SANTE BARLEY POWDER JUICE 30'S,BOX,0.00,290.00,395.00,0
THS - Gmall Davao,SANTE BARLEY POWDER JUICE 30'S PC,PC,0.00,290.00,395.00,0
THS - Gmall Davao,SANTE BARLEY FUSION COFFEE 10'S,BOX,0.00,210.00,380.00,0
THS - Gmall Davao,SANTE BARLEY JUICE 200G (CANISTER),BOT,2.00,210.00,375.00,420
THS - Gmall Davao,GLUTA LIPO RED ICED TEA PC,PC,0.00,265.00,350.00,0
THS - Gmall Davao,GLUTA LIPO CARB CONTROL TROPICA LYCHEE,BOX,0.00,265.00,375.00,0
THS - Gmall Davao,GLUTA LIPO CARB CONTROL CREAMY LATTE,BOX,0.00,180.00,300.00,0
THS - Gmall Davao,GLUTA LIPO CARB CONTROL CLASSIC VANILLA,BOX,0.00,1.00,2.00,0
THS - Gmall Davao,LUXE SLIM 4 SEASON 10S,BOX,0.00,1.00,2.00,0
THS - Gmall Davao,LUXE SLIM MACHA LATTE 10S,BOX,2.00,150.00,295.00,300
THS - Gmall Davao,LUXE SLIM CAFÉ MACHIATO 10S,BOX,0.00,68.00,150.00,0
THS - Gmall Davao,LUXE SLIM CAFÉ MACHIATO 8S,BOX,0.00,275.00,495.00,0
THS - Gmall Davao,BEAUTY VAULT LUMI GLUTATHIONE CAPSULES 60'S,BOT,0.00,280.00,495.00,0
THS - Gmall Davao,BEAUTY VAULT PREMIUM REJUVENATING SET,BOX,0.00,180.00,330.00,0
THS - Gmall Davao,BEAUTY VAULT WHITENING PLUS MAINTENANCE SET,BOX,0.00,180.00,330.00,0
THS - Gmall Davao,PERFECT SKIN SUNSCREEN BUY 1 TAKE 1,PACK,0.00,140.00,225.00,0
THS - Gmall Davao,BRILLIANT SKIN SUNBLOCK 50G,SACHET,0.00,215.00,325.00,0
THS - Gmall Davao,BRILLIANT KOJIC SOAP MINI 70G,BAR,0.00,35.00,65.00,0
THS - Gmall Davao,BRILLIANT KOJIC SOAP 135G,BAR,0.00,65.00,100.00,0
THS - Gmall Davao,PERFECT SKIN SUNBLOCK TINTED,SACHET,0.00,140.00,235.00,0
THS - Gmall Davao,HIKARI ULTRAWHITE SUNSCREEN,SACHET,0.00,150.00,235.00,0
THS - Gmall Davao,HIKARI ULTRA CAPSULES 60'S,BOT,0.00,270.00,495.00,0
THS - Gmall Davao,HABIBI SKIN ESSENTIAL SOAP,BAR,0.00,113.75,195.00,0
THS - Gmall Davao,HABIBI MILKY PEELING SOAP,BAR,0.00,17.50,35.00,0
THS - Gmall Davao,SKIN PERFECTION,SET,0.00,145.00,235.00,0
THS - Gmall Davao,BRILLIANT SUNBLOCK 13G,PCK,0.00,70.00,145.00,0
THS - Gmall Davao,PERFECT SKIN REJUV SET,SET,0.00,130.00,295.00,0
THS - Gmall Davao,PERFECT SKIN SUNBLOCK 50G,PCK,0.00,130.00,275.00,0
THS - Gmall Davao,FITGUM COLLAGEN W/ CHIA COFFEE 10'S,PCK,0.00,165.00,295.00,0
THS - Gmall Davao,PERFECT SKIN SUNBLOCK PLUS GEL LIPTINT,PCK,0.00,125.00,275.00,0
THS - Gmall Davao,PERFECT SKIN SUNBLOCK PLUS SERUM FOUNDATION LIGHT,PCK,0.00,125.00,275.00,0
THS - Gmall Davao,PERFECT SKIN SUNBLOCK PLUS SERUM FOUNDATION FAIR,PCK,0.00,125.00,275.00,0
THS - Gmall Davao,PERFECT SKIN SUNBLOCK PLUS SERUM FOUNDATION MEDLIGHT,PCK,0.00,125.00,275.00,0
THS - Gmall Davao,REALMS OATMEAL SOAP,BAR,10.00,180.00,180.00,1800
THS - Gmall Davao,REALMS GINGER SOAP,BAR,9.00,180.00,180.00,1620
THS - Gmall Davao,REALMS COFFEE SOAP,BAR,9.00,180.00,180.00,1620
THS - Gmall Davao,REALMS SUNFLOWER SOAP,BAR,9.00,125.00,125.00,1125
THS - Gmall Davao,REALMS CHARCOAL SOAP,BAR,5.00,180.00,180.00,900
THS - Gmall Davao,REALMS SUNSCREEN GEL,BOT,6.00,220.00,220.00,1320
THS - Gmall Davao,REALMS SUNBLOCK FACE CREAM,BOT,3.00,180.00,180.00,540
THS - Gmall Davao,REALMS ACTIV SUNSCREEN TINT,BOT,10.00,350.00,350.00,3500
THS - Gmall Davao,REALMS 24K GOLD SERUM,BOT,22.00,450.00,450.00,9900
THS - Gmall Davao,REALMS VIT C SERUM,BOT,5.00,325.00,325.00,1625
THS - Gmall Davao,REALMS EYE SERUM,BOT,20.00,425.00,425.00,8500
THS - Gmall Davao,REALMS FACIAL WASH GOLD,BOT,9.00,325.00,325.00,2925
THS - Gmall Davao,REALMS FACIAL WASH CLEANSER,BOT,7.00,275.00,275.00,1925
THS - Gmall Davao,REALMS GOLD TONER,BOT,12.00,380.00,380.00,4560
THS - Gmall Davao,REALMS DAILY BRIGHTENING LOTION,BOT,9.00,475.00,475.00,4275
THS - Gmall Davao,REALMS TONIC MIST,BOT,31.00,220.00,220.00,6820
THS - Gmall Davao,REALMS SHAMPOO,BOT,4.00,350.00,350.00,1400
THS - Gmall Davao,REALMS CONDITIONER,BOT,3.00,350.00,350.00,1050
THS - Gmall Davao,REALMS RETINOL 30G SERUM,BOT,12.00,325.00,325.00,3900
THS - Gmall Davao,V-LIFE VITALHERBS 30'S,BOT,2.00,225.00,395.00,450
THS - Gmall Davao,V-LIFE SLIM POWER 30'S,BOT,0.00,253.00,395.00,0
THS - Gmall Davao,V-LIFE GLUTA COLLAGEN 60'S,BOT,0.00,242.00,595.00,0
THS - Gmall Davao,SAMPAGUITA OIL SMALL 25ML,BOT,0.00,35.00,50.00,0
THS - Gmall Davao,MENTHOL OIL SMALL 25ML,BOT,0.00,35.00,50.00,0
THS - Gmall Davao,EUCALYPTUS OIL SMALL 25ML,BOT,0.00,35.00,60.00,0
THS - Gmall Davao,LUYA OIL SMALL 25ML,BOT,0.00,35.00,60.00,0
THS - Gmall Davao,E.H HERBAL HEALING OIL ORANGE 50ML,BOT,0.00,70.00,100.00,0
THS - Gmall Davao,E.H HERBAL HEALING OIL CITRONELLA 50ML,BOT,0.00,70.00,100.00,0
THS - Gmall Davao,E.H CITRONELLA W/ MENTHOL 100ML,BOT,0.00,210.00,300.00,0
THS - Gmall Davao,E.H CITRONELLA W/ EUCALYPTUS 100ML,BOT,0.00,210.00,300.00,0
THS - Gmall Davao,E.H CITRONELLA W/ LAVANDER 100ML,BOT,0.00,210.00,300.00,0
THS - Gmall Davao,SWANSON SAW PALMETTO 540MG 250'S,BOT,0.00,739.12,1.00,0
THS - Gmall Davao,SWANSON SAW PALMETTO 540MG 250'S PC,PC,0.00,2.96,8.00,0
THS - Gmall Davao,THEOBROMA KETOKLENZ MIX,BOT,0.00,399.00,399.00,0
THS - Gmall Davao,IMMU KING POSTBIOTIC CAPSULE 60'S,BOT,0.00,4.00,4.00,0
THS - Gmall Davao,SMH GINGER RUB,BOT,0.00,125.00,125.00,0
THS - Gmall Davao,SMH KAPE NATIN,BOX,0.00,290.00,290.00,0
THS - Gmall Davao,SMH IYASHI ESSENTIAL SPRAY 10ML,BOT,0.00,200.00,200.00,0
THS - Gmall Davao,SMH MG GINGER OIL 100ML,BOT,0.00,400.00,400.00,0
THS - Gmall Davao,SMH MG VITMIN JUICE,BOT,0.00,350.00,350.00,0
THS - Gmall Davao,SMH ORANGE RUB,BOT,0.00,150.00,150.00,0
THS - Gmall Davao,SMH POWER MG PLUS 60S CAPSULE,BOT,1.00,795.00,795.00,795
THS - Gmall Davao,SMH VITPLUS CAPSULE,BOT,1.00,290.00,290.00,290
THS - Gmall Davao,AMINO 2222 TABS 160S,BOT,0.00,1.00,1.00,0
THS - Gmall Davao,AMINO 2222 TABS 160S PC,PC,0.00,6.88,18.00,0
THS - Gmall Davao,AMINO 2222 TABS 320'S,BOT,0.00,1.00,3.00,0
THS - Gmall Davao,AMINO 2222 TABS 320'S PC,PC,0.00,6.22,18.00,0
THS - Gmall Davao,CREATINE CAPSULE 200'S,BOT,0.00,2.00,4.00,0
THS - Gmall Davao,CREATINE CAPSULE 200'S PC,PC,0.00,11.85,25.00,0
THS - Gmall Davao,CREATINE CAPSULE 300'S,BOT,0.00,3.00,6.00,0
THS - Gmall Davao,CREATINE CAPSULE 300'S PC,PC,0.00,11.97,25.00,0
THS - Gmall Davao,SERIOUS MASS 6LBS CHOCO,BOT,0.00,2.00,3.00,0
THS - Gmall Davao,WHEY PROTEIN 1LB DOUBLE RICH CHOCO,BOT,0.00,1.00,2.00,0
THS - Gmall Davao,WHEY PROTEIN 1LB VANILLA ICE CREAM,BOT,0.00,1.00,2.00,0
THS - Gmall Davao,WHEY PROTEIN 2LB DOUBLE RICH CHOCO,BOT,0.00,1.00,3.00,0
THS - Gmall Davao,WHEY PROTEIN 2LB VANILLA ICE CREAM,BOT,0.00,2.00,3.00,0
THS - Gmall Davao,WHEY PROTEIN 2LB FRENCH VANILLA ICE CREAM,BOT,0.00,2.00,3.00,0
THS - Gmall Davao,WHEY PROTEIN 2LB COOKIES & CREAM,BOT,0.00,1.00,3.00,0
THS - Gmall Davao,WHEY PROTEIN 2LB EXTREME MILK CHOCOLATE,BOT,0.00,1.00,3.00,0
THS - Gmall Davao,WHEY PROTEIN 2LB ROCKY ROAD,BOT,0.00,1.00,3.00,0
THS - Gmall Davao,WHEY PROTEIN 5LB DOUBLE RICH CHOCO,BOT,0.00,3.00,6.00,0
THS - Gmall Davao,WHEY PROTIEN 5LB VANILLA ICE CREAM,BOT,0.00,2.00,5.00,0
THS - Gmall Davao,WHEY PROTEIN DOUBLE RICH CHOCO 30.4G,PACK,0.00,120.00,240.00,0
THS - Gmall Davao,WHEY PROTEIN EXTREME MILK CHOCO 32G,PACK,0.00,120.00,240.00,0
THS - Gmall Davao,LINGZHI CHUANG YAO WAN PADS 50S,BOX,10.00,390.00,625.00,3900
THS - Gmall Davao,LINGZHI CHUANG YAO WAN PADS 50S PC,PC,20.00,7.80,15.00,156
THS - Gmall Davao,LINGZHI GEJIE PILLS 30S,BOT,130.00,290.00,700.00,37700
THS - Gmall Davao,LINGZHI GEJIE PILLS 30S PC,PC,15.00,9.67,30.00,145.05
THS - Gmall Davao,INTRA JUICE  950ML,BOT,15.00,1.00,1.00,15
THS - Gmall Davao,INTRA CAPSULE 64'S,BOT,0.00,1250.00,1870.00,0
THS - Gmall Davao,WACHICHAO HERBAL TEA 12S OTH,PACK,0.00,84.00,125.00,0
THS - Gmall Davao,WACHICHAO HERBAL TEA 12S OTH PC,PC,0.00,7.00,11.00,0
THS - Gmall Davao,KOJIC ACID ORIGINAL SOAP,BOX,0.00,16.00,100.00,0
THS - Gmall Davao,PN NEOCELL COLLAGEN W/BIOTIN 330G POWDER,BOT,0.00,2.00,2.00,0
THS - Gmall Davao,YOUTHEORY COLLAGEN 290'S,BOT,0.00,1.00,2.00,0
THS - Gmall Davao,YOUTHEORY COLLAGEN 290'S PC,PC,0.00,3.45,10.00,0
THS - Gmall Davao,YOUTHEORY COLLAGEN 390'S,BOT,2.00,1.00,2.00,2
THS - Gmall Davao,YOUTHEORY COLLAGEN 390'S PC,PC,360.00,3.70,9.00,1332
THS - Gmall Davao,YOUTHEORY COLLAGEN 120'S,BOT,0.00,535.88,1.00,0
THS - Gmall Davao,YOUTHEORY COLLAGEN 160'S,BOT,0.00,677.86,1.00,0
THS - Gmall Davao,YOUTHEORY COLLAGEN 290'S MEN,BOT,1.00,1.00,2.00,1
THS - Gmall Davao,YOUTHEORY COLLAGEN 290'S MEN PC,PC,66.00,3.64,10.00,240.24
THS - Gmall Davao,OSTEO BIFLEX GLUCO & CHON 200'S,BOT,0.00,1.00,2.00,0
THS - Gmall Davao,OSTEO BIFLEX GLUCO & CHON 200'S PC,PC,0.00,7.88,18.00,0
THS - Gmall Davao,YOUTHEORY COLLAGEN 390'S MEN,BOT,0.00,1.00,0.00,0
THS - Gmall Davao,YOUTHEORY COLLAGEN 390'S MEN PC,PC,0.00,2.56,9.00,0
THS - Gmall Davao,SALVEO BARLEY GRASS 80 GRAMS,PACK,9.00,735.00,1.00,6615
THS - Gmall Davao,SALVEO BARLEY GRASS 240 GRAMS,PACK,0.00,1.00,2.00,0
THS - Gmall Davao,ALIVE (NATURES WAY) WITH IRON 90'S,BOT,0.00,670.00,1.00,0
THS - Gmall Davao,ALIVE (NATURES WAY) WITH IRON 90'S PC,PC,0.00,7.44,22.00,0
THS - Gmall Davao,ALIVE (NATURES WAY) NO IRON 90'S,BOT,0.00,663.07,1.00,0
THS - Gmall Davao,ALIVE (NATURES WAY) NO IRON 90'S PC,PC,0.00,7.37,22.00,0
THS - Gmall Davao,GREEN TEA FAT BURNER 200'S,BOT,0.00,1.00,2.00,0
THS - Gmall Davao,GREEN TEA FAT BURNER 200'S PC,PC,0.00,6.00,15.00,0
THS - Gmall Davao,LUXCENT L-GLUTATHIONE 60S,BOT,0.00,1.00,1.00,0
THS - Gmall Davao,LUXCENT L-GLUTATHIONE 60S PC,PC,0.00,18.33,65.00,0
THS - Gmall Davao,21ST CENTURY ACIDOPHILUS PROBIOTIC BLEND 150'S,BOT,0.00,490.80,995.00,0
THS - Gmall Davao,21ST CENTURY B COMPLEX PLUS C 100S,BOT,0.00,360.01,650.00,0
THS - Gmall Davao,21ST CENTURY B12 1000MCG 110'S,BOT,0.00,341.75,895.00,0
THS - Gmall Davao,21ST CENTURY B12 500MCG 110S,BOT,0.00,253.42,495.00,0
THS - Gmall Davao,21ST CENTURY B12 500MCG 110S PC,PC,0.00,2.30,8.00,0
THS - Gmall Davao,21ST CENTURY B12 PROLONG RELEASE 1000MCG 100S,BOT,0.00,336.74,595.00,0
THS - Gmall Davao,21ST CENTURY BIOTIN 10000MCG 120'S,BOT,0.00,444.77,895.00,0
THS - Gmall Davao,21ST CENTURY BIOTIN 5000MCG 110'S,BOT,0.00,348.41,650.00,0
THS - Gmall Davao,21ST CENTURY BIOTIN 5000MCG 110'S PC,PC,0.00,3.17,6.00,0
THS - Gmall Davao,21ST CENTURY C1000MG W/ ROSEHIPS 110S,BOT,0.00,478.94,1.00,0
THS - Gmall Davao,21ST CENTURY C1000MG W/ ROSEHIPS 110S PC,PC,0.00,4.35,11.00,0
THS - Gmall Davao,21ST CENTURY FLAXSEED OIL 1000MG 120S,BOT,1.00,511.92,1.00,511.92
THS - Gmall Davao,21ST CENTURY FLAXSEED OIL 1000MG 120S PC,PC,0.00,4.27,12.00,0
THS - Gmall Davao,21ST CENTURY FOLIC ACID 400MG 250'S,BOT,0.00,206.75,595.00,0
THS - Gmall Davao,21ST CENTURY FOLIC ACID 400MG 250'S PC,PC,0.00,0.83,3.00,0
THS - Gmall Davao,21ST CENTURY FOLIC ACID 800MG 180'S,BOT,0.00,242.09,550.00,0
THS - Gmall Davao,21ST CENTURY MELATONIN 10MG 120S,BOT,0.00,484.13,995.00,0
THS - Gmall Davao,21ST CENTURY MELATONIN 10MG 120S PC,PC,0.00,4.03,10.00,0
THS - Gmall Davao,21ST CENTURY MELATONIN 3MG 200S,BOT,0.00,389.79,995.00,0
THS - Gmall Davao,21ST CENTURY MELATONIN 3MG 200S PC,PC,0.00,1.95,6.00,0
THS - Gmall Davao,21ST CENTURY MELATONIN 3MG 90S,BOT,0.00,241.99,595.00,0
THS - Gmall Davao,21ST CENTURY MELATONIN 5MG 120S,BOT,0.00,392.50,850.00,0
THS - Gmall Davao,21ST CENTURY MELATONIN 5MG 120S PC,PC,0.00,3.27,8.00,0
THS - Gmall Davao,21ST CENTURY ZINC 50MG 360'S,BOT,0.00,445.13,1.00,0
THS - Gmall Davao,21ST CENTURY ZINC 50MG 360'S PC,PC,0.00,1.24,6.00,0
THS - Gmall Davao,AN GREEN TEA FAT BURNER 30s,BOT,0.00,502.05,995.00,0
THS - Gmall Davao,AN GREEN TEA FAT BURNER 30S PC,PC,0.00,16.74,35.00,0
THS - Gmall Davao,AN GREEN TEA FAT BURNER 90S,BOT,0.00,1.00,2.00,0
THS - Gmall Davao,AN GREEN TEA FAT BURNER 90S PC,PC,0.00,11.39,25.00,0
THS - Gmall Davao,CALIFORNIA GOLD LACTOBIF5 PROBIOTICS FB 60S,BOT,0.00,477.75,995.00,0
THS - Gmall Davao,CALIFORNIA GOLD NUTRITION BIOTIN 10000MCG 90S,BOT,0.00,412.00,895.00,0
THS - Gmall Davao,CALIFORNIA GOLD NUTRITION COQ10 100MG 120'S,BOT,0.00,949.04,1.00,0
THS - Gmall Davao,CALIFORNIA GOLD NUTRITION COQ10 100MG 120'S PC,PC,0.00,7.91,20.00,0
THS - Gmall Davao,CALIFORNIA GOLD NUTRITION L-GLUTATHION 500MG 30'S,BOT,0.00,541.65,1.00,0
THS - Gmall Davao,CALIFORNIA GOLD NUTRITION OMEGA 3 FISH OIL 100'S,BOT,0.00,560.75,750.00,0
THS - Gmall Davao,CALIFORNIA GOLD NUTRITION OMEGA 3 FISH OIL 240'S,BOT,0.00,1.00,2.00,0
THS - Gmall Davao,CALIFORNIA GOLD NUTRITION OMEGA 3 FISH OIL 240'S PC,PC,0.00,5.51,12.00,0
THS - Gmall Davao,CALIFORNIA GOLD VITAMIN C 500MG 240S,BOT,0.00,616.40,0.00,0
THS - Gmall Davao,CALIFORNIA GOLD NUTRITION MARINE COLLAGEN 206G,PACK,0.00,891.79,1.00,0
THS - Gmall Davao,DOCTORS BEST CO Q10 120'S,BOT,0.00,945.89,2.00,0
THS - Gmall Davao,DOCTORS BEST CO Q10 120'S PC,PC,0.00,7.88,20.00,0
THS - Gmall Davao,DOCTORS BEST GINKO BILOBA 120MG 120'S,BOT,0.00,541.94,1.00,0
THS - Gmall Davao,DOCTORS BEST GINKO BILOBA 120MG 360'S,BOT,0.00,1.00,2.00,0
THS - Gmall Davao,DOCTORS BEST GINKO BILOBA 120MG 360'S PC,PC,0.00,3.59,9.00,0
THS - Gmall Davao,DOCTORS BEST VIT D3 5000IU 180S,BOT,0.00,312.87,995.00,0
THS - Gmall Davao,DW APPETITE CONTROL PREBIOTIC GUMMIES 60s,BOT,0.00,710.90,1.00,0
THS - Gmall Davao,KAL CAL MAG ZINC 100'S,BOT,1.00,453.71,795.00,453.71
THS - Gmall Davao,KAL CAL MAG ZINC 90'S,BOT,0.00,334.43,750.00,0
THS - Gmall Davao,KAL MAGNESIUM GLYCINATE 350MG 160S,BOT,7.00,785.14,1.00,5495.98
THS - Gmall Davao,KAL MAGNESIUM GLYCINATE 350MG 160S PC,PC,102.00,4.91,15.00,500.82
THS - Gmall Davao,KAL POTASSIUM CITRATE 99MG 100S,BOT,0.00,252.51,550.00,0
THS - Gmall Davao,KAL POTASSIUM CHLORIDE 99MG 100S,BOT,0.00,206.24,550.00,0
THS - Gmall Davao,NATROL ACIDOPHILUS PROBIOTIC 150S,BOT,0.00,478.15,1.00,0
THS - Gmall Davao,NATROL MELATONIN 3MG 240S,BOT,0.00,603.34,1.00,0
THS - Gmall Davao,NATROL MELATONIN 3MG 240S PC,PC,0.00,2.51,8.00,0
THS - Gmall Davao,NATROL MELATONIN 3MG 90'S,BOT,0.00,555.00,1.00,0
THS - Gmall Davao,NATROL MELATONIN 5MG 100'S,BOT,0.00,604.57,950.00,0
THS - Gmall Davao,NATROL MELATONIN 5MG 100'S PC,PC,0.00,6.05,8.00,0
THS - Gmall Davao,NATROL MELATONIN 5MG 150'S,BOT,0.00,856.92,1.00,0
THS - Gmall Davao,NATROL MELATONIN 5MG 150'S PC,PC,0.00,5.71,12.00,0
THS - Gmall Davao,NATURAL FACTORS ASHWAGANDA 600MG 30'S,BOT,0.00,630.00,1.00,0
THS - Gmall Davao,NATURAL FACTORS MELATONIN 3MG 180'S,BOT,0.00,403.29,1.00,0
THS - Gmall Davao,NATURAL FACTORS MELATONIN 3MG 180'S PC,PC,0.00,2.24,6.00,0
THS - Gmall Davao,NATURAL FACTORS MELATONIN 3MG 90S CHEWABLE,BOT,0.00,380.66,595.00,0
THS - Gmall Davao,NATURAL FACTORS MELATONIN 3MG 90S CHEWABLE PC,PC,0.00,4.23,10.00,0
THS - Gmall Davao,NATURAL FACTORS MELATONIN 5MG 180'S,BOT,0.00,562.85,1.00,0
THS - Gmall Davao,NATURAL FACTORS MELATONIN 5MG 180'S PC,PC,0.00,3.13,9.00,0
THS - Gmall Davao,NATURAL FACTORS MELATONIN 5MG 90'S,BOT,0.00,393.10,850.00,0
THS - Gmall Davao,NATURAL FACTORS MELATONIN 5MG 90'S PC,PC,0.00,4.37,12.00,0
THS - Gmall Davao,NATURAL FACTORS POTASSIUM CITRATE 99MG 90S,BOT,1.00,246.68,595.00,246.68
THS - Gmall Davao,NATURES LIFE VIT E 400 IU TOCOPHEROL 100S,BOT,0.00,866.00,1.00,0
THS - Gmall Davao,NATURES LIFE VIT E 400 IU TOCOPHEROL 100S PC,PC,0.00,8.66,20.00,0
THS - Gmall Davao,NATURES MADE FOLIC ACID 400MCG 250'S,BOT,0.00,342.77,1.00,0
THS - Gmall Davao,NATURES MADE FOLIC ACID 400MCG 250'S PC,PC,0.00,1.37,5.00,0
THS - Gmall Davao,NATURES MADE MELATONIN 3MG 240'S,BOT,0.00,554.44,1.00,0
THS - Gmall Davao,NATURES MADE MELATONIN 3MG 240'S PC,PC,0.00,2.31,6.00,0
THS - Gmall Davao,NATURE'S TRUTH APPLE CIDER VINEGAR 75'S,BOT,0.00,703.02,1.00,0
THS - Gmall Davao,NATURES TRUTH FOLIC ACID 800MG 250'S,BOT,0.00,405.12,895.00,0
THS - Gmall Davao,NATURES TRUTH FOLIC ACID 800MG 250'S PC,PC,0.00,1.62,6.00,0
THS - Gmall Davao,NATURES WAY ALIVE KIDS MULTIVIT GUMMIES 60'S,BOT,0.00,593.02,995.00,0
THS - Gmall Davao,NEOCELL SUPER COLLAGEN + VITC BIOTIN 180S,BOT,0.00,844.40,2.00,0
THS - Gmall Davao,NEOCELL SUPER COLLAGEN + VITC BIOTIN 180S PC,PC,0.00,4.69,15.00,0
THS - Gmall Davao,NEOCELL SUPER COLLAGEN + VITC BIOTIN 270S,BOT,0.00,1.00,2.00,0
THS - Gmall Davao,NEOCELL SUPER COLLAGEN + VITC BIOTIN 270S PC,PC,0.00,4.17,15.00,0
THS - Gmall Davao,NEOCELL GRASSFED COLLAGEN PEPTIDES + VITC BIOTIN 180S,BOT,0.00,850.50,2.00,0
THS - Gmall Davao,NEOCELL GRASSFED COLLAGEN PEPTIDES + VITC BIOTIN 180S PC,PC,0.00,4.72,15.00,0
THS - Gmall Davao,NEOCELL GRASSFED COLLAGEN PEPTIDES + VITC BIOTIN 270S,BOT,0.00,1.00,2.00,0
THS - Gmall Davao,NEOCELL GRASSFED COLLAGEN PEPTIDES + VITC BIOTIN 270S PC,PC,0.00,4.11,15.00,0
THS - Gmall Davao,NEOCELL GRASSFED COLLAGEN PEPTIDES + VITC BIOTIN 360S,BOT,3.00,1.00,3.00,3
THS - Gmall Davao,NEOCELL GRASSFED COLLAGEN PEPTIDES + VITC BIOTIN 360S PC,PC,280.00,3.61,12.00,1010.8
THS - Gmall Davao,NOW FOLIC ACID 800MG 250'S,BOT,0.00,303.40,550.00,0
THS - Gmall Davao,NOW FOLIC ACID 800MG 250'S PC,PC,0.00,1.21,5.00,0
THS - Gmall Davao,NOW GLUTATHIONE 500MG 30S,BOT,0.00,770.40,1.00,0
THS - Gmall Davao,NOW MAGNESIUM L-THREONATE 90S,BOT,0.00,1.00,2.00,0
THS - Gmall Davao,NOW MAGNESIUM L-THREONATE 90S PC,PC,0.00,19.52,35.00,0
THS - Gmall Davao,NUTRICOST EVENING PRIMROSE OIL 1300MG 120S,BOT,0.00,801.04,1.00,0
THS - Gmall Davao,NUTRICOST EVENING PRIMROSE OIL 1300MG 120S PC,PC,0.00,6.68,15.00,0
THS - Gmall Davao,NUTRICOST GLUTATHION REDUCED 500MG 240S,BOT,1.00,2.00,6.00,2
THS - Gmall Davao,NUTRICOST GLUTATHION REDUCED 500MG 240S PC,PC,185.00,11.86,30.00,2194.1
THS - Gmall Davao,NUTRICOST MILK THISTLE 1000MG 240'S,BOT,0.00,644.11,1.00,0
THS - Gmall Davao,NUTRICOST MILK THISTLE 1000MG 240'S PC,PC,0.00,2.68,8.00,0
THS - Gmall Davao,NUTRICOST VITAMIN B12 1000MCG METHYLCO 120S,BOT,0.00,456.82,950.00,0
THS - Gmall Davao,NUTRICOST VITAMIN B12 1000MCG METHYLCO 120S PC,PC,0.00,3.81,10.00,0
THS - Gmall Davao,NUTRICOST VITAMIN B12 2000MCG METHYLCO 240S,BOT,0.00,653.66,1.00,0
THS - Gmall Davao,NUTRICOST VITAMIN B12 2000MCG METHYLCO 240S PC,PC,10.00,2.72,10.00,27.200000000000003
THS - Gmall Davao,PURE METHYL B12 SPRAY 1FLOZ,BOT,0.00,817.04,0.00,0
THS - Gmall Davao,SOLARAY B-1 100MG 100'S,BOT,0.00,387.00,725.00,0
THS - Gmall Davao,SOLARAY MAGNESIUM GLYCINATE 350MG 120S,BOT,0.00,716.40,1.00,0
THS - Gmall Davao,SOLARAY MAGNESIUM GLYCINATE 350MG 120S PC,PC,0.00,5.97,15.00,0
THS - Gmall Davao,SOLARAY MAGNESIUM GLYCINATE 350MG 240S,BOT,0.00,1.00,2.00,0
THS - Gmall Davao,SOLARAY MAGNESIUM GLYCINATE 350MG 240S PC,PC,0.00,5.37,15.00,0
THS - Gmall Davao,SOLARAY POTASSIUM 99MG 200'S,BOT,0.00,511.11,1.00,0
THS - Gmall Davao,SOLARAY POTASSIUM 99MG 200'S PC,PC,0.00,2.56,8.00,0
THS - Gmall Davao,SOLARAY ZINC MG 50MG 100'S,BOT,0.00,307.39,995.00,0
THS - Gmall Davao,SOLARAY ZINC MG 50MG 100'S PC,PC,0.00,3.07,12.00,0
THS - Gmall Davao,SWANSON BIOTIN 5000MCG 100'S,BOT,0.00,330.47,850.00,0
THS - Gmall Davao,SWANSON EVENING PRIMROSE 500MG 100S,BOT,0.00,396.01,895.00,0
THS - Gmall Davao,SWANSON GARCINIA CAMBOGIA 60S,BOT,1.00,181.96,445.00,181.96
THS - Gmall Davao,SWANSON L-ARGININE 500MG 100'S,BOT,0.00,251.00,795.00,0
THS - Gmall Davao,SWANSON MELATONIN 3MG 120'S,BOT,0.00,272.08,595.00,0
THS - Gmall Davao,SWANSON MELATONIN 5MG 60'S,BOT,0.00,234.40,595.00,0
THS - Gmall Davao,SWANSON POTASSIUM CITRATE 99MG 120'S,BOT,1.00,288.46,800.00,288.46
THS - Gmall Davao,SWANSON REDUCED L-GLUTATHION DOUBLE STRENGTH 60S CAPS,BOT,0.00,758.75,1.00,0
THS - Gmall Davao,TRACE CONCENTRACE 50ML,BOT,0.00,715.54,1.00,0
THS - Gmall Davao,LE Neoro-Mag Magnesium L-Threonate 90s,BOT,0.00,1.00,2.00,0
THS - Gmall Davao,LE Neoro-Mag Magnesium L-Threonate 90s PC,pc,0.00,19.09,35.00,0
THS - Gmall Davao,NUTRICOST B1 100MG 120S,BOT,2.00,455.00,895.00,910
THS - Gmall Davao,NUTRICOST B1 100MG 120S PC,pc,0.00,3.79,10.00,0
THS - Gmall Davao,SOLARAY POTASSIUM 99MG 100'S,BOT,0.00,304.43,695.00,0
THS - Gmall Davao,SOLARAY POTASSIUM 99MG 100'S PC,pc,0.00,3.04,8.00,0
THS - Gmall Davao,SOLGAR B-1 100MG 100S,BOT,2.00,590.88,995.00,1181.76
THS - Gmall Davao,CALIFORNIA GOLD NUTRITION VIT C1000MG 240'S,BOT,1.00,752.00,1.00,752
THS - Gmall Davao,CALIFORNIA GOLD NUTRITION VIT C1000MG 240'S PC,PC,140.00,3.13,7.00,438.2
THS - Gmall Davao,COLLAGEN COFFEE PREMIUM MIX 10's,BOX,0.00,165.00,275.00,0
THS - Gmall Davao,GREEN COFFEE WITH BUAH MERAH 1O'S,BOX,0.00,165.00,275.00,0
THS - Gmall Davao,TONGKAT ALI STRONG COFFEE 10'S,BOX,0.00,165.00,320.00,0
THS - Gmall Davao,MANGOSTEEN CAPPUCCINO COFFEE 10'S,BOX,0.00,165.00,275.00,0
THS - Gmall Davao,PMS BUAH MERAH 12 IN 1 500ML JUICE,BOT,0.00,165.00,325.00,0
THS - Gmall Davao,SWANSON SAW PALMETTO 540MG 100'S,BOT,0.00,308.48,995.00,0
THS - Gmall Davao,SWANSON SAW PALMETTO 540MG 100'S PC,PC,0.00,3.08,10.00,0
THS - Gmall Davao,SWANSON FLAXSEED OIL 200'S,BOT,0.00,719.00,1.00,0
THS - Gmall Davao,SWANSON FLAXSEED OIL 200'S PC,PC,0.00,3.60,8.00,0
THS - Gmall Davao,SWANSON CHROMIUM PICOLINATE 200'S,BOT,0.00,463.32,1.00,0
THS - Gmall Davao,SWANSON CHROMIUM PICOLINATE 200'S PC,PC,0.00,2.32,7.00,0
THS - Gmall Davao,SWANSON MACA 500MG 100S,BOT,0.00,520.65,1.00,0
THS - Gmall Davao,SWANSON MACA 500MG 100S PC,PC,0.00,5.21,14.00,0
THS - Gmall Davao,SWANSON VITAMIN D3 5000IU 250'S,BOT,0.00,561.63,1.00,0
THS - Gmall Davao,SWANSON VITAMIN D3 5000IU 250'S PC,PC,0.00,2.25,12.00,0
THS - Gmall Davao,SWANSON CHROMIUM PICOLINATE 100'S,BOT,1.00,251.76,795.00,251.76
THS - Gmall Davao,SWANSON CHROMIUM PICOLINATE 100'S PC,PC,0.00,2.52,10.00,0
THS - Gmall Davao,SWANSON CO Q10 100MG 100'S,BOT,0.00,845.20,2.00,0
THS - Gmall Davao,SWANSON CO Q10 100MG 100'S PC,PC,0.00,8.45,22.00,0
THS - Gmall Davao,SWANSON POTASSIUM CITRATE 100'S,BOT,0.00,325.70,800.00,0
THS - Gmall Davao,SWANSON ASHWAGANDA 100'S,BOT,0.00,375.92,995.00,0
THS - Gmall Davao,SWANSON ASHWAGANDA 100'S PC,PC,0.00,3.76,12.00,0
THS - Gmall Davao,SWANSON ALPHA LIFOIC ACID 300MG 60S,BOT,0.00,382.50,500.00,0
THS - Gmall Davao,SWANSON ALPHA LIFOIC ACID 600MG 60S,BOT,0.00,0.00,1.00,0
THS - Gmall Davao,SWANSON E400 MIXED TOCOPHEROLS 100,BOT,0.00,0.00,600.00,0
THS - Gmall Davao,SWANSON QUERCETIN 475MG 60S,BOT,0.00,0.00,500.00,0
THS - Gmall Davao,SWANSON MILK THISTLE 500MG 100S,BOT,0.00,270.04,995.00,0
THS - Gmall Davao,SWANSON MILK THISTLE 500MG 120S,BOT,0.00,492.58,1.00,0
THS - Gmall Davao,SWANSON MILK THISTLE 500MG 120S PC,PC,0.00,4.10,12.00,0
THS - Gmall Davao,SWANSON IPOCITOL 650MG 100'S,BOT,0.00,0.00,0.00,0
THS - Gmall Davao,CRANBERRY 650MG 140,BOT,0.00,1.00,2.00,0
THS - Gmall Davao,CRANBERRY 650MG 140'S PC,PC,119.00,11.43,25.00,1360.17
THS - Gmall Davao,GINKGO BILOBA 120MG 340'S,BOT,2.00,1.00,2.00,2
THS - Gmall Davao,GINKGO BILOBA 120MG 340'S PC,PC,108.00,3.16,9.00,341.28000000000003
THS - Gmall Davao,PROSTATE HEALTH COMPLEX SAW PALMETTO 250'S,BOT,0.00,2.00,4.00,0
THS - Gmall Davao,PROSTATE HEALTH COMPLEX SAW PALMETTO 250'S PC,PC,0.00,8.80,18.00,0
THS - Gmall Davao,VITA HERBS GREEN COFFEE 10'S,BOX,0.00,130.00,250.00,0
THS - Gmall Davao,VITA HERBS INSULIN PLANT COFFEE 10'S,BOX,0.00,135.00,275.00,0
THS - Gmall Davao,VITA HERBS SERPENTINA COFFEE 10'S,BOX,0.00,130.00,295.00,0
THS - Gmall Davao,VITA HERBS MANGOSTEEN GUYABANO COFFEE 12'S,BOX,0.00,100.00,250.00,0
THS - Gmall Davao,VITALABS SUPER FAT BURNER 90'S,BOX,0.00,560.00,1.00,0
THS - Gmall Davao,VITALABS SUPER FAT BURNER 90'S pc,PC,0.00,6.22,15.00,0
THS - Gmall Davao,VITA HERBS BARLEY ORGANIC GRASS COFFEE,BOX,0.00,130.00,295.00,0
THS - Gmall Davao,WINION NAPKIN DAY 8S,PACK,0.00,250.00,320.00,0
THS - Gmall Davao,WINION NAPKIN DAY 8S PC,PC,0.00,31.25,40.00,0
THS - Gmall Davao,WINION NAPKIN OVERNIGHT 8S,PACK,0.00,250.00,320.00,0
THS - Gmall Davao,WINION NAPKIN OVERNIGHT 8S PC,PC,0.00,31.25,40.00,0
THS - Gmall Davao,WINION NAPKIN PANTILINERS 24S,PACK,0.00,365.00,415.00,0
THS - Gmall Davao,WINION NAPKIN PANTILINERS 24S PC,PC,0.00,15.21,18.00,0